,0,1,2,3,4,5,6,7,8,9,10,11,12,13,14,15,16,17,18,19,20,21,22,23,24,25,26,27,28,29,30,31,32,33,34,35,36,37,38,39,40,41,42,43,44,45,46,47,48,49,50,51,52,53,54,55,56,57,58,59,60,61,62,63,64,65,66,67,68,69,70,71,72,73,74,75,76,77,78,79,80
0,0.0,0.18001194806341939,0.18001194806341939,0.009109941685634929,0.023585376132924874,0.12675730316713502,0.07154142767433337,0.07154142767433337,0.07154142767433337,0.0463336232619912,0.07809293862335044,0.07809293862335044,0.1261421498492917,0.16946325069371315,0.16946325069371315,0.2561762882244985,0.2939249063156543,0.2939249063156543,0.301290279097075,0.2498479539374955,0.2643606446612999,0.2636916547492595,0.3228617763727269,0.3228617763727269,0.3228617763727269,0.27884405850248534,0.31230081308742375,0.2696968803097017,0.2696968803097017,0.2696968803097017,0.27138908407326784,0.26381179952006667,0.2714883887610654,0.2714883887610654,0.27390628209664525,0.27390628209664525,0.27390628209664525,0.27390628209664525,0.27573321822196867,0.27653350089727496,0.27116686342608975,0.2742739795530385,0.27428492793354087,0.2734392378369653,0.2733855156159112,0.2760690097025868,0.2761407106132517,0.27665388725668916,0.27665388725668916,0.27614055916989,0.2761704536048013,0.2761704536048013,0.2760244897418773,0.27416778196841296,0.2751055967005093,0.2740855120345209,0.27369146444832804,0.27369146444832804,0.2736474499696373,0.27300409964705474,0.27348911710075025,0.27373875600360004,0.27373875600360004,0.2735229482924241,0.2735229482924241,0.2738236958785051,0.2741143900835416,0.2739940160393685,0.2738896438803079,0.2738896438803079,0.27364586115699907,0.2737157529918415,0.2737987510342894,0.27400287714585453,0.27400284884659104,0.27400284884659104,0.2738030856033751,0.2738532644098245,0.2738532644098245,0.2739559304547963,0.27389291040189245
1,0.0,0.17763291344227045,0.08660908652421026,0.4133918451487519,0.4133918451487519,0.3941064039804199,0.6802517868104186,0.5086868935557692,0.35393744405454886,0.35393744405454886,0.353293026929388,0.353293026929388,0.37747190848941153,0.37747190848941153,0.5164795302725161,0.39971064646486704,0.39971064646486704,0.39971064646486704,0.39971064646486704,0.2535118154983635,0.2535118154983635,0.22158823140790573,0.26900726919596857,0.26900726919596857,0.26241995278481156,0.27267735773925456,0.24218737606356872,0.22497092896470303,0.22497092896470303,0.22497092896470303,0.24040384438148374,0.21165316020722247,0.20074483497235124,0.20074483497235124,0.2287966347085798,0.2287966347085798,0.2287966347085798,0.22252419419179786,0.22146986768546575,0.24020996921369284,0.2208882300723198,0.23047471232305863,0.22448184124938977,0.2192575098853883,0.22829764464596333,0.22829764464596333,0.22829764464596333,0.22829764464596333,0.23069891375409465,0.23106370521894484,0.2343871860817809,0.23282997777792802,0.23204152675075942,0.23091873980897454,0.23091873980897454,0.23091873980897454,0.23091873980897454,0.2314646013414233,0.23141151682169642,0.23114016409478033,0.2309707106682958,0.231495009628466,0.23091018910664354,0.23091018910664354,0.23091018910664354,0.23091018910664354,0.23069423752404433,0.23069423752404433,0.23069423752404433,0.23069423752404433,0.2302203711321231,0.23030912338574547,0.23028932692460352,0.23031877495134287,0.23027550060487745,0.23031750807872448,0.23031750807872448,0.23029360790802839,0.2302551476927284,0.23026102052906663,0.2302230004843358
2,4.930380657631324e-32,0.13199579589409766,0.09044587415551142,0.09044587415551142,0.09044587415551142,0.09363971746284322,0.14000761029268927,0.15246267717718662,0.15246267717718662,0.13623831444059167,0.13623831444059167,0.4211424676621809,0.4211424676621809,0.4211424676621809,0.386084310330105,0.386084310330105,0.40701278062361124,0.4037550061841907,0.4779130339560797,0.46243592714210324,0.5648631266307382,0.5648631266307382,0.6529241577371044,0.6529241577371044,0.6529241577371044,0.5900492371399773,0.5924851386826159,0.5924851386826159,0.6067847101769562,0.6067847101769562,0.6067847101769562,0.6405428472288748,0.6405428472288748,0.6308087617984477,0.6064285411448213,0.6064285411448213,0.6251873582500523,0.6164722318263897,0.6164722318263897,0.6164722318263897,0.6164722318263897,0.6115629609089801,0.6161075134771159,0.6099372875614683,0.6099372875614683,0.6112985954228856,0.6103204987632961,0.6117281113987718,0.6099539450305803,0.6099539450305803,0.6113821541762621,0.6103787215460666,0.6104695459978025,0.610587890478434,0.6108975433673637,0.610963048048749,0.610963048048749,0.6113911175746756,0.6113911175746756,0.6113911175746756,0.6114172064429353,0.6114444815550634,0.611431129503203,0.6114597162292392,0.6115331782853354,0.6114907534519625,0.6115834863794104,0.6116499662473305,0.6116214651688795,0.6116214651688795,0.6115605280301336,0.6115605280301336,0.611538083186102,0.6115451130582611,0.6115928743849091,0.6115928743849091,0.6115532565031017,0.611589182934382,0.6115751522228058,0.6115877713670086,0.6115932838994325
3,0.0,0.008512328940229809,0.02368986376990054,0.02368986376990054,0.02368986376990054,0.02368986376990054,0.03487057955642598,0.04169428417998561,0.010828502259373034,1.874932133068048e-07,1.874932133068048e-07,0.001519047087722517,0.00029599975038150305,0.00029599975038150305,0.00029599975038150305,0.0005085424236639362,0.0003428460405066364,0.0003428460405066364,0.0003428460405066364,0.0006730283842109244,0.00035802471249257153,0.00045843440007813265,0.0008555876918963393,0.0002441166490332367,0.0002441166490332367,0.0002441166490332367,0.00011421614212614273,0.00011421614212614273,0.00014187499420419974,0.00024544689432572027,0.00024544689432572027,0.00029143584727503365,0.00029143584727503365,0.0004736638642938789,0.0004736638642938789,0.0004736638642938789,0.0004572568320155403,0.00045120366430456975,0.0005782219963588871,0.0005168303211481214,0.0005168303211481214,0.0005278914842203439,0.0005314128274314831,0.0005351649051182495,0.000536716446262261,0.0005215894704559604,0.0005293662661420106,0.0005197755738404442,0.0005197755738404442,0.0005197755738404442,0.0005235666064566867,0.0005235666064566867,0.0005235666064566867,0.0005212721206049666,0.0005211690691214515,0.0005239359237852224,0.0005296547269849831,0.0005296547269849831,0.0005324688488231192,0.0005324688488231192,0.0005316224415955076,0.0005336299416971942,0.0005282191106085466,0.0005305286069844527,0.0005313467736741953,0.0005305876849432536,0.0005305876849432536,0.0005305876849432536,0.0005307927842541767,0.0005313110251322496,0.0005312458197808606,0.0005317174987949767,0.0005317986723503494,0.0005314173482983287,0.0005314173482983287,0.0005314173482983287,0.0005316524276791098,0.0005314735220119819,0.0005314735220119819,0.0005316858628860504,0.0005315051765947922
4,0.0,0.0,0.045513561772609894,0.01388735000204072,0.01388735000204072,0.023430489161060337,0.023430489161060337,0.011653958542173827,0.011653958542173827,0.015987202317568935,0.021554467982286038,0.021554467982286038,0.03834903478410762,0.03834903478410762,0.042626537082262585,0.06062214651399255,0.017950623909648702,0.018297478767024585,0.015654085091852926,0.015654085091852926,0.022703930407628803,0.022703930407628803,0.02227816870366089,0.02227816870366089,0.024980432894507146,0.024980432894507146,0.024376993682534955,0.024376993682534955,0.02685717300136908,0.025622361163895786,0.025622361163895786,0.02709297491966686,0.02709297491966686,0.02709297491966686,0.02770847200511334,0.028935451189143913,0.028935451189143913,0.028711233447308224,0.026601454024015373,0.02768123709657261,0.030093337285473008,0.030093337285473008,0.030093337285473008,0.030418992932546258,0.030418992932546258,0.030418992932546258,0.02988458132385056,0.029677249478399635,0.029826993692394037,0.029725336958746428,0.029704399459774537,0.02946163859273304,0.02955731584895856,0.029600957815227383,0.029389133647762147,0.029389133647762147,0.029467076549956353,0.029440379594562187,0.02945712426292435,0.029442459395755852,0.029528090884819284,0.029528090884819284,0.029528309966345118,0.029528309966345118,0.0295265361548317,0.0295265361548317,0.029521771304924754,0.02956769106405321,0.02954069430362641,0.02954069430362641,0.029521646403335055,0.029521646403335055,0.029533994047037593,0.02953212717739851,0.02953212717739851,0.02952957015679907,0.029528712198609794,0.029528712198609794,0.029520770749041542,0.02950934965340741,0.02950934965340741
5,4.930380657631324e-32,0.018824380618935613,0.1891966825110176,0.4789528751402954,0.4789528751402954,0.5891962857046318,0.5891962857046318,1.0653040889909347,1.0653040889909347,1.0653040889909347,1.0653040889909347,1.0653040889909347,0.8766502605393636,0.9461553474093789,0.9461553474093789,0.8230237670759651,0.8230237670759651,0.8230237670759651,0.8230237670759651,0.8230237670759651,0.8230237670759651,0.8230237670759651,0.821125789981661,0.8019379749596818,0.7775750794835798,0.7775750794835798,0.7901322872393644,0.7520582610886466,0.7573076061725272,0.7724974315945453,0.7724974315945453,0.7742431270219664,0.7742431270219664,0.7629959578981405,0.7629959578981405,0.7629959578981405,0.7613420836481518,0.7691500341386908,0.7684331495019001,0.7630446921905252,0.7630446921905252,0.765445884657289,0.7718460562375175,0.7718460562375175,0.7691477700951559,0.7679816919053526,0.7679816919053526,0.7676211882079512,0.7676211882079512,0.7691790121186941,0.7691790121186941,0.7686291966292007,0.768497403620774,0.7683015188387157,0.7683015188387157,0.7682421811840495,0.768270433323022,0.768270433323022,0.7681708032984197,0.7678665966000582,0.7678665966000582,0.7676299384299304,0.7676299384299304,0.7680932420806856,0.7680174332255615,0.7679154496178734,0.767935318848888,0.7677780670008156,0.7678323338018155,0.7678323338018155,0.7677612980425221,0.7676502561268308,0.7676502561268308,0.7676734456506131,0.7676734456506131,0.7676734456506131,0.7675583424917836,0.7675583424917836,0.7676373394793016,0.7675537082056691,0.7675537082056691
6,0.0,0.0,0.0,0.07411643774571862,0.004636933525031645,0.0017330430109596172,0.0017330430109596172,0.04148788955149049,0.04148788955149049,0.04148788955149049,0.04148788955149049,0.04148788955149049,0.02840927061588143,0.030639425264240468,0.03232197813279478,0.03255264438500941,0.028817605669913145,0.028817605669913145,0.03237353304919909,0.03577328935296085,0.03390508005356882,0.03390508005356882,0.03435740844807662,0.031392953707238075,0.04190705958632202,0.02917457388407405,0.02917457388407405,0.031179165178770906,0.02454572684675489,0.025613588891015365,0.03033795943134899,0.03033795943134899,0.03052034664997654,0.03089454099631468,0.02949295739343132,0.02949295739343132,0.030572684226011983,0.02949575474919806,0.02919933533208606,0.02979896980841458,0.02979896980841458,0.02979896980841458,0.02997426892593338,0.02997426892593338,0.0306256946355717,0.030699736317801287,0.030666475018605876,0.030523119561680256,0.03061126085215544,0.03065090652596709,0.030386014669247865,0.030356965863816966,0.030233676346328515,0.030233676346328515,0.030205670054216715,0.030203967664026315,0.030203967664026315,0.030203967664026315,0.030203967664026315,0.030293280420937867,0.03020027322929216,0.03011944143184031,0.030112411243438216,0.030124090455940878,0.03016632224937939,0.03016632224937939,0.03019274021272129,0.0302089174780639,0.030196717259053055,0.030196717259053055,0.030196717259053055,0.030196965054902006,0.030180435999388154,0.03018653451923788,0.03018653451923788,0.030192045800078122,0.030192235938685988,0.030194016454177172,0.030200965165116077,0.03021294982020285,0.030194330944447945
7,0.0,0.02238710684604708,0.2160708445989752,0.07063933121763719,0.07063933121763719,0.10106983032343705,0.10106983032343705,0.2847474222995799,0.2847474222995799,0.29123901264116064,0.19783871178393345,0.467619889801258,0.467619889801258,0.467619889801258,0.3993526725193472,0.34946590228775276,0.32919676038348605,0.2702319422449777,0.30636403531114176,0.3297027361418014,0.22966132166351852,0.24813940663333137,0.24813940663333137,0.2844554841204532,0.2788298481733367,0.2788298481733367,0.2788298481733367,0.2911239553051466,0.2996427018570208,0.31383688965253026,0.30906274091651664,0.30469357303376626,0.30469357303376626,0.30401771422001606,0.30513660095533524,0.2932199449350088,0.29524953883781335,0.2943525640047575,0.2943525640047575,0.3018206444770094,0.302105263230091,0.30632983468509234,0.30632983468509234,0.30632983468509234,0.30516008936105476,0.3038272309855525,0.30433199839844366,0.30433199839844366,0.3042589398500395,0.3042589398500395,0.305725382311673,0.305725382311673,0.3036932298156963,0.3036932298156963,0.30325904372327833,0.30490340794759074,0.3029715177370618,0.3032418388622564,0.3028477211712375,0.30348365276631534,0.30340958134572954,0.3032493947688824,0.3032493947688824,0.30310419472329947,0.30322206445370686,0.30318991707267057,0.30318991707267057,0.30322612823161577,0.30322612823161577,0.30322612823161577,0.3032854143144315,0.3032347761632652,0.3032347761632652,0.3032367296591025,0.3032367296591025,0.3032656912313378,0.3032138963790075,0.30320719866524726,0.30318659269624837,0.30318659269624837,0.30318659269624837
8,0.0,1.214648023334281,0.0238976894113207,0.014981934860939019,0.014981934860939019,0.014981934860939019,0.0012960371096187417,0.023080164587656358,0.1225451857565973,0.1225451857565973,0.048686177831948285,0.12092656945058937,0.04277799808966788,0.04277799808966788,0.04277799808966788,0.07748179481914033,0.035984514108269375,0.035984514108269375,0.04041515440663485,0.043158594114519715,0.043158594114519715,0.04533993403063257,0.049732434722718086,0.049732434722718086,0.04885720648047306,0.07011458232103338,0.06480424303504735,0.06517217127151259,0.06517217127151259,0.06517217127151259,0.06445290896749566,0.06348293132255045,0.057901389866930754,0.058735032615243904,0.06085422142191821,0.05920569728121544,0.062282207542711535,0.062282207542711535,0.062282207542711535,0.06144603315055613,0.06144603315055613,0.06144603315055613,0.06144603315055613,0.062252854932048816,0.062252854932048816,0.061605651656077655,0.061605651656077655,0.06140693929834643,0.06080495882220475,0.06070819453467173,0.06050519104646423,0.06101855091839372,0.06090713704005447,0.06049468642607545,0.060530411755673724,0.06092048774976477,0.06075710473582415,0.06075710473582415,0.060784273642214975,0.0605514317881624,0.0605514317881624,0.06049757441254794,0.06049757441254794,0.06049757441254794,0.06049757441254794,0.06048137142389858,0.060523567459667804,0.06039382842238246,0.06034670836588456,0.060372996492750276,0.0604807745204526,0.0604807745204526,0.0604807745204526,0.06051817443253192,0.06050469317719574,0.06050469317719574,0.06050469317719574,0.06048681235680854,0.0604781911403166,0.060479703391056946,0.06049251944032095
9,0.0,0.00027992901810148477,0.15365673953990797,0.22802386249543646,0.22802386249543646,0.22802386249543646,0.22802386249543646,0.011230146427133138,0.011230146427133138,0.13061138603147124,0.003789512891462055,0.003789512891462055,0.11601936515117371,0.11601936515117371,0.02385266365835328,4.025022788481316e-05,4.025022788481316e-05,1.103201226782857e-05,0.0005689676523090977,0.004829218918168895,0.0004053893996535208,3.0461930909103862e-06,0.00035831043227780115,0.0006337882419085753,0.0006993246113140321,0.010944084719524457,0.005106307632095566,0.005106307632095566,0.0017822342874960356,0.0020733243325291957,0.0020733243325291957,0.00463497044930552,0.0010135622651904449,0.0010135622651904449,0.0010135622651904449,0.0008838735478068204,0.0009122126280843641,0.0008670433910332038,0.0007919657322764906,0.0008970511619126087,0.0008970511619126087,0.0005380329958139139,0.0006556445886149108,0.0006556445886149108,0.0006706806261859298,0.0005679742627377394,0.0006500858701934,0.000565023757120664,0.000565023757120664,0.000464238260167648,0.00031408716778881843,0.00027062641547026046,0.00027062641547026046,0.00022594709313624914,0.000267796577798843,0.000267796577798843,0.00027535486751307066,0.00027535486751307066,0.0003129337841249306,0.00033157313173973765,0.0003650875801823352,0.0003650875801823352,0.0003650875801823352,0.0003650875801823352,0.0003482707618948341,0.0003547322880961269,0.0003547322880961269,0.00036014296287939263,0.00036014296287939263,0.00036014296287939263,0.0003593552062802781,0.00035616747918123317,0.00035578042201807645,0.00035578042201807645,0.0003616640894139016,0.0003622702906874652,0.00036056300056570937,0.0003620052513065463,0.0003650167371179029,0.0003639000304454884,0.00036059891260311277
10,0.0,5.089901634167628e-06,5.089901634167628e-06,0.024744894765530694,0.11031970422790975,0.04948570391582831,0.02604220778359044,0.02604220778359044,0.0522190560268223,0.0522190560268223,0.15089293977411347,0.15089293977411347,0.021053373696444395,0.021053373696444395,0.022636030101813694,0.04122528794355138,0.03390153603657813,0.04599374391156224,0.05657983696955829,0.05657983696955829,0.05657983696955829,0.06553236356322494,0.06553236356322494,0.05698776654233744,0.04069068779143833,0.04834443946396702,0.053420939373346896,0.053420939373346896,0.053420939373346896,0.060521641287735115,0.060521641287735115,0.07238860620205444,0.07238860620205444,0.07238860620205444,0.060960869761540616,0.06186952227353219,0.06239607944559029,0.06239607944559029,0.06239607944559029,0.05944832098271955,0.05573895385622745,0.05573895385622745,0.06247230934044255,0.06091891868129228,0.05843765299999219,0.05843765299999219,0.05843765299999219,0.06027633389204736,0.05600591306318753,0.05659344882834957,0.05659344882834957,0.056151041579238364,0.05800957978515974,0.05800957978515974,0.057591388436149214,0.057591388436149214,0.057591388436149214,0.057320895800035944,0.057320895800035944,0.05681216859064595,0.05681216859064595,0.05681216859064595,0.056769838761392306,0.056769838761392306,0.056769838761392306,0.056942805899550406,0.05677104175790098,0.056854556660855274,0.05680613348982811,0.05680613348982811,0.05680613348982811,0.056784206209891074,0.05695449897934529,0.05706517076158651,0.05706517076158651,0.05706517076158651,0.05701553339990737,0.05701553339990737,0.05701553339990737,0.05699289900433854,0.056930819305025124
11,0.0,0.0,0.0517340794064636,0.2672122963393305,0.2672122963393305,0.2672122963393305,0.2967879431674109,0.5875060855896351,0.2864589373304018,0.2864589373304018,0.24524100274861751,0.24524100274861751,0.33926315211937225,0.33926315211937225,0.33926315211937225,0.3481717775473062,0.3481717775473062,0.3451807047283129,0.30812942033552454,0.30812942033552454,0.27662034701669463,0.31105090122527096,0.31105090122527096,0.2831440842179739,0.2831440842179739,0.2831440842179739,0.2859969210782441,0.28770460571721174,0.28770460571721174,0.28770460571721174,0.28770460571721174,0.28626236867747334,0.28898530493330243,0.28898530493330243,0.29114478687481704,0.29114478687481704,0.2905480928166537,0.2918896909698467,0.2918896909698467,0.2918896909698467,0.29314728330279166,0.292796314792357,0.29220598501429695,0.29240074139647165,0.29240074139647165,0.29253522599800935,0.29363897412676826,0.2940655256278751,0.2940655256278751,0.2940655256278751,0.2945510282319558,0.2945510282319558,0.2947546741338535,0.294852443798821,0.2943454903919044,0.29421770090600396,0.29413412789170307,0.29393122634409674,0.2941268571339834,0.2941211805238871,0.2941211805238871,0.2941498946724816,0.29375567188618873,0.29375567188618873,0.29375567188618873,0.29373582581149627,0.29373582581149627,0.2937365830418444,0.2936608759875846,0.2936864377114642,0.29360595847203513,0.29360595847203513,0.2937326774879013,0.29366104379835,0.29366104379835,0.29366233854044504,0.29366233854044504,0.29368439445428896,0.29364941151924623,0.29364941151924623,0.29366256609497926
12,0.0,0.0021826912786056226,0.07093897907753052,0.07093897907753052,0.12187325362527753,0.05827763890276783,0.03119272319899584,0.00539585098229173,0.027788104869216724,0.027788104869216724,0.020939706895682357,0.013058716945623418,0.04839077539355879,0.037137541977765746,0.037137541977765746,0.04367232103357215,0.020410507748476938,0.02371697117526686,0.02230103992066463,0.022241633579682042,0.022962563746888407,0.028545980867255964,0.028545980867255964,0.006372874657144347,0.0037717459065348294,0.004529936471015753,0.004529936471015753,0.01609146854144949,0.01609146854144949,0.015539873952929498,0.013380799593060362,0.009500914951392532,0.009741891780619795,0.012425962263222238,0.012425962263222238,0.012425962263222238,0.012033426584928602,0.01278675458975619,0.015573823789058194,0.015573823789058194,0.015573823789058194,0.015573823789058194,0.01403614982641076,0.01403614982641076,0.014454162559991029,0.014778696823132065,0.015061818326641815,0.015681450276993584,0.015681450276993584,0.015789422024107897,0.01544360306848307,0.01544360306848307,0.01563382954203688,0.015586574230943333,0.015586574230943333,0.015586574230943333,0.015623451365015896,0.01581594254537827,0.015817578733816957,0.015817578733816957,0.01566484062231894,0.015637896665059447,0.015637896665059447,0.015694746616911455,0.015694746616911455,0.015694746616911455,0.01571703975367906,0.015717676217707217,0.015751415652597935,0.015734891902534843,0.015748644996884154,0.015703183223952425,0.01570185822630999,0.0157343022881865,0.0157343022881865,0.015725742078730474,0.015725742078730474,0.015725742078730474,0.015725742078730474,0.015725742078730474,0.01572999925690865
13,0.0,0.05514220015259421,0.05263011159753352,0.05263011159753352,0.05263011159753352,0.05263011159753352,0.06821920747348932,0.06821920747348932,0.09879461497957899,0.03139580178014018,0.022252689799437,0.007009278851415121,0.014909306647135422,0.011406733952454666,0.011406733952454666,0.016250485062052827,0.016250485062052827,0.014587476398622736,0.006551146253462733,0.010000265862414207,0.023703312157355078,0.028269519336802915,0.028269519336802915,0.028269519336802915,0.028269519336802915,0.026930405096227638,0.026930405096227638,0.02905244268691358,0.027841416704984093,0.027100964350943658,0.027100964350943658,0.027100964350943658,0.027100964350943658,0.027100964350943658,0.027100964350943658,0.027543721017736656,0.027936637867311095,0.027478203281247015,0.027478203281247015,0.027478203281247015,0.02795751883082423,0.02631297656968271,0.02717872704776773,0.02856085748155489,0.02714346614957635,0.02709817202528092,0.027906179877012136,0.027906179877012136,0.026812642688045923,0.02619833836679215,0.02619833836679215,0.02619833836679215,0.026894394675514265,0.026894394675514265,0.027052759009272148,0.027052759009272148,0.027052759009272148,0.02704875109525341,0.02704875109525341,0.02704875109525341,0.027054758288437997,0.027133642029928025,0.027160146581085797,0.027160146581085797,0.027150359621254738,0.027150359621254738,0.027150359621254738,0.027230466718699987,0.027230466718699987,0.027230466718699987,0.027230466718699987,0.027227941696353244,0.027235527144740257,0.027234669605858925,0.027251953547966928,0.027251953547966928,0.02723801602632621,0.02723801602632621,0.027243982203792275,0.027244939534241713,0.027231947033080607
14,0.0,0.038703498098831564,0.07234567200203428,0.011338302826109592,0.03099899414340003,0.09116948707083046,0.28058599507021165,0.28058599507021165,0.2113466549742452,0.18538741871059933,0.18538741871059933,0.23786731697437588,0.2746429954522118,0.2657038577630342,0.2024982423942209,0.2024982423942209,0.2024982423942209,0.2024982423942209,0.2024982423942209,0.19692376232217143,0.1965569988247783,0.18478935059398652,0.15705615612591647,0.15705615612591647,0.15705615612591647,0.15705615612591647,0.16020879194365165,0.16020879194365165,0.1599368704437533,0.1599368704437533,0.1528334488019514,0.1555788679071606,0.1555788679071606,0.1600591619104374,0.16008731784514355,0.1596768240196684,0.1596768240196684,0.1596768240196684,0.15790971287086508,0.15650287965574922,0.15652974947265053,0.15680150129382098,0.15662870823738825,0.15662870823738825,0.15663473445638976,0.1563048169325691,0.1563048169325691,0.1568679261508467,0.15687042888374736,0.15677465748708522,0.15677465748708522,0.15785350498444636,0.15785350498444636,0.15785350498444636,0.15785350498444636,0.15785350498444636,0.1579268750777807,0.15762186184142601,0.15762186184142601,0.1576741954576054,0.1577691495673862,0.1577691495673862,0.1577691495673862,0.15782481822578526,0.15782481822578526,0.1578399864566066,0.1578399864566066,0.15781586102592357,0.15781522664048409,0.15781522664048409,0.1578242355600699,0.15782164906245288,0.15780458268218467,0.1578125411168407,0.15783840675139277,0.15782769698293517,0.15782769698293517,0.15782769698293517,0.15784328208764772,0.15784328208764772,0.15783823156087365
15,0.0,0.026267211467202723,0.09167976415104265,0.020989611131758578,0.5635067156992647,0.5635067156992647,0.5635067156992647,0.5635067156992647,0.2556764564784141,0.2556764564784141,0.2556764564784141,0.339718985438589,0.3152116245263347,0.3152116245263347,0.3152116245263347,0.23715796986309134,0.330766608452064,0.24180558831704302,0.24180558831704302,0.2843002126601065,0.22926661262046608,0.22926661262046608,0.22926661262046608,0.22926661262046608,0.22926661262046608,0.21983197946977284,0.21983197946977284,0.21983197946977284,0.21983197946977284,0.21892409500434196,0.21054191135760675,0.21054191135760675,0.21054191135760675,0.21169332963687715,0.209232413983446,0.209232413983446,0.22118628989980743,0.22118628989980743,0.22449574583045792,0.22737283627372776,0.22491988161774454,0.22491988161774454,0.22951935111724955,0.22951935111724955,0.22951935111724955,0.22811043597887765,0.22556626794885454,0.22167015254815192,0.22167015254815192,0.22167015254815192,0.22167015254815192,0.22124384864626326,0.22124384864626326,0.2210908413540498,0.2210908413540498,0.22078155473993016,0.22157634518308106,0.22191275358731802,0.22191275358731802,0.22194420920276856,0.22194420920276856,0.22176171004646095,0.22176171004646095,0.22167949700165993,0.22163767462147255,0.22163767462147255,0.2216360503399539,0.22149210175745265,0.22151484069065142,0.22157341749927575,0.2215129304874443,0.2215129304874443,0.22145639796650468,0.22145639796650468,0.22145639796650468,0.22147178051121513,0.22149058392496002,0.22149500172883618,0.22149500172883618,0.22149500172883618,0.22149500172883618
16,4.930380657631324e-32,0.3972923282509217,0.1560953532147557,0.06162013463944822,0.06162013463944822,0.06702170410634561,0.07297710860981264,0.1285358728814118,0.12430380562183725,0.12430380562183725,0.20613285910290421,0.29800011955379635,0.29800011955379635,0.2718758903044102,0.2718758903044102,0.3233864622363855,0.4048322303651728,0.2790026190121676,0.31800703024030835,0.29008069707495954,0.29008069707495954,0.2876627895452036,0.28164489157469014,0.28164489157469014,0.2833032940382016,0.2833032940382016,0.2833032940382016,0.2882863541439233,0.2804941784754908,0.2820605892443818,0.2820605892443818,0.2823534158447363,0.2823534158447363,0.28144450547203487,0.2849184217926209,0.2849184217926209,0.2825572420336285,0.2831540961693177,0.28313800708736536,0.28233041053938,0.28233041053938,0.28233041053938,0.28285754812285335,0.28258777516939276,0.281702615667219,0.281702615667219,0.281702615667219,0.28225420613947777,0.28148738477462715,0.28148738477462715,0.28148738477462715,0.28148738477462715,0.28148738477462715,0.2815363601114724,0.28149980671466474,0.28149980671466474,0.2814842955540568,0.2816497878269516,0.28159510652722447,0.28159510652722447,0.2815262668147244,0.28158824076147043,0.28158824076147043,0.28159080037863377,0.28151272666962984,0.28151272666962984,0.28151272666962984,0.2815608224235385,0.2815608224235385,0.2815608224235385,0.2815468006822342,0.2815594717545912,0.28154092430889194,0.281559176190015,0.2815277872728938,0.2815487034444352,0.2815487034444352,0.2815347998654251,0.28153753950619154,0.28153753950619154,0.28153753950619154
17,0.0,0.005922204974230719,0.004922983993426045,0.004922983993426045,0.004922983993426045,0.03353027587943399,0.03353027587943399,0.03353027587943399,0.03353027587943399,0.05379504773639541,0.08417226255293013,0.06085826414745135,0.06085826414745135,0.12822077328068873,0.11519527698025497,0.11519527698025497,0.11519527698025497,0.10527498925495872,0.10859142452360897,0.10859142452360897,0.10278871822332962,0.10278871822332962,0.11274915368576427,0.11274915368576427,0.11274915368576427,0.11274915368576427,0.11022171184177212,0.10173664210274282,0.10647070656134804,0.10647070656134804,0.10647070656134804,0.10647070656134804,0.11215925933472136,0.11215925933472136,0.11215925933472136,0.11324306571075475,0.11286275438853226,0.11332932419777807,0.11321330449115763,0.11373049875801751,0.11555860870507263,0.11555860870507263,0.11555860870507263,0.1149341947967641,0.11541212608651667,0.11622489206696358,0.11622489206696358,0.11655484450247389,0.11653393472725683,0.11626915201493569,0.11569978429171783,0.11569978429171783,0.1162015862817588,0.11616369684291843,0.11616369684291843,0.11577527627095693,0.11551208376593014,0.11567742239979792,0.11574646000346935,0.11553743210611547,0.11553743210611547,0.11523155619791794,0.11523155619791794,0.11526440476369845,0.11533568351112933,0.11533568351112933,0.1152756077410899,0.1152756077410899,0.1152756077410899,0.1152756077410899,0.1152756077410899,0.11532201432579413,0.11527823009379404,0.11520992794357894,0.11520992794357894,0.11521466713154592,0.11520254188738065,0.11520254188738065,0.11522502291727776,0.11521837825686064,0.11522345793994081
18,0.0,0.6634932249861754,2.9775926016888774,2.9775926016888774,3.0002257264088383,3.0002257264088383,3.31683728434292,3.31683728434292,2.8318252202351486,3.172469449722773,3.7770258657702063,3.5215618972868605,3.861621885082144,3.861621885082144,3.9577853464548656,3.91687770913207,4.012427570171258,4.012427570171258,3.9912325868904603,3.68831613413835,3.68831613413835,3.68831613413835,3.678942319619043,3.626085406481426,3.7425519689929767,3.836563700172966,3.891348990881038,3.8542875612523586,3.851066821327505,3.851066821327505,3.7896453726542685,3.716677367165012,3.716677367165012,3.716677367165012,3.7318524688549553,3.7632308223456943,3.7632308223456943,3.7632308223456943,3.7663460655401924,3.7440372779487094,3.7532972611705557,3.738681765056149,3.7429040166684184,3.751574366532642,3.74551832529952,3.754569544105962,3.754569544105962,3.7585187844026047,3.7585187844026047,3.75640189610586,3.7525939353291893,3.7526153598526575,3.755499021987199,3.755499021987199,3.756979868337771,3.755260612273779,3.7502830544582073,3.75405223040507,3.756910322919021,3.757445746023994,3.757478201037019,3.758403305295559,3.758403305295559,3.759638349156739,3.7600783243035347,3.7600783243035347,3.7600783243035347,3.760363805704898,3.7596438799974417,3.7596438799974417,3.7601276907129946,3.7601276907129946,3.7603293637194652,3.7603293637194652,3.7603293637194652,3.7604948504213995,3.760361776840501,3.7604992712208944,3.760285964863815,3.760285964863815,3.7603091586509305
19,1.232595164407831e-32,0.0012027376224176798,0.6739283847014221,0.2496839333104321,0.11900353419501805,0.021999213560997963,0.021999213560997963,0.005400954616910749,0.05742649901518939,0.05742649901518939,0.28188046959145024,0.28188046959145024,0.3774744902579376,0.5070081558574706,0.477224075196474,0.38292654407251653,0.38292654407251653,0.3778267037748851,0.33801405160321546,0.39843176158096705,0.396537793170328,0.549698507805816,0.5502896740260417,0.5977705590478014,0.5856544506431425,0.5856544506431425,0.5071369580067842,0.5387043753953856,0.5387043753953856,0.5387043753953856,0.552522412144381,0.5492359823359606,0.5581897012558068,0.5673895317963539,0.5557668605929681,0.5557668605929681,0.5452218954728372,0.5452218954728372,0.5452218954728372,0.5435332249906472,0.5397693831570716,0.5363041686564016,0.5216083983903901,0.5294255839802914,0.5294255839802914,0.5290181310496693,0.5234881710788366,0.52659803656022,0.5260864495517293,0.5260864495517293,0.5260864495517293,0.5230518168504924,0.5230518168504924,0.5244315221390038,0.5246553772024792,0.5258233616650624,0.5260178059124336,0.5260178059124336,0.5264634224785479,0.5265488759244696,0.5265488759244696,0.5265488759244696,0.5265488759244696,0.5264520928560433,0.5265139865385479,0.526445684481871,0.526445684481871,0.5265005238219362,0.5262956979093594,0.5262303513926156,0.5261456125099131,0.5261456125099131,0.5264676694531535,0.5264676694531535,0.5265187773264617,0.5265187773264617,0.5267483763359022,0.5265413423869656,0.5265039184213267,0.5264551804422334,0.5264551804422334
20,4.930380657631324e-32,0.37050951603983195,0.021285389797566716,0.0009599005845148141,0.023283339476480935,0.028711071195047278,0.0010827953292106539,0.0010827953292106539,0.06559162821038932,0.06559162821038932,0.06559162821038932,0.016090375517981485,0.02683851080979211,0.04618076873359548,0.04618076873359548,0.051435515434273056,0.051435515434273056,0.048611019667431664,0.03912528932587034,0.03912528932587034,0.030795766243076936,0.030795766243076936,0.030795766243076936,0.029367597850497817,0.031190584267063132,0.02750870268243549,0.02750870268243549,0.02750870268243549,0.026591566662572754,0.024105496556217968,0.026493414493634893,0.025919340399035047,0.025919340399035047,0.025919340399035047,0.025919340399035047,0.026046968620012833,0.026572048596699847,0.02621333156690464,0.02621333156690464,0.02621333156690464,0.025649047391625986,0.026256218077793547,0.02673302058820975,0.02673302058820975,0.026494281387503246,0.026494281387503246,0.026314811762247092,0.025263900156496547,0.025263900156496547,0.025263900156496547,0.025263900156496547,0.025290631301325434,0.02561117338417597,0.02561117338417597,0.025697138403996997,0.025697138403996997,0.025584474826839152,0.025652710917472225,0.025571584784693863,0.025571584784693863,0.025571584784693863,0.02562603537362058,0.025720740058584338,0.025720740058584338,0.025674789336945922,0.02570723698441973,0.02570723698441973,0.025735937172565653,0.02571818579097737,0.025640317776012334,0.025714798231939392,0.025714798231939392,0.025714798231939392,0.02568955942529798,0.02572930111648032,0.025728181510232262,0.025728181510232262,0.025728181510232262,0.02571761673267397,0.02571761673267397,0.02572999331643259
21,1.232595164407831e-32,0.10559005183357688,0.10559005183357688,0.0013089218050699634,0.13127195300414735,0.1138298848071656,0.0521658579898609,0.10595624118857146,0.04462506554523989,0.06904110031040772,0.03005252006545814,0.03005252006545814,0.012443246876689,0.012443246876689,0.014172129786127686,0.014172129786127686,0.014172129786127686,0.02681580419865883,0.02681580419865883,0.029381074912475505,0.01974225456036139,0.03307473801935106,0.020593051400829277,0.020593051400829277,0.03854579811549765,0.03854579811549765,0.039838974370432,0.03710032791562402,0.04031000529301187,0.04031000529301187,0.04093465536330921,0.04186721812627522,0.04186721812627522,0.0403747294530311,0.040780917279172574,0.04286929513979847,0.04286929513979847,0.04255900308000151,0.04184124799959805,0.041712247131017885,0.04165889324885283,0.042836444723868675,0.042836444723868675,0.042836444723868675,0.0444805738494738,0.04308268578690226,0.04308268578690226,0.04326601221750888,0.04326601221750888,0.043190714486697486,0.043212101824643585,0.042833746359189004,0.04310548358765382,0.04310548358765382,0.04360269995588243,0.04360269995588243,0.04337822963087385,0.043222577411767646,0.043222577411767646,0.043222577411767646,0.043243133522411464,0.04301143808204578,0.04301143808204578,0.043038818258009204,0.0430839327375754,0.04305443200878519,0.04303853294607414,0.042912149060149014,0.042912149060149014,0.042912149060149014,0.04291414311531927,0.04291414311531927,0.0429355801307204,0.04293070284228275,0.04293070284228275,0.042924663864268894,0.042854355025740413,0.042854355025740413,0.042854355025740413,0.042870881724449306,0.04289685235052755
22,0.0,1.4616300463872767,0.34344961738359303,0.3235974353747981,4.0852385444673835,3.187519183776293,1.9822555694686395,2.60578951562769,3.121273888315774,3.121273888315774,2.359586269222108,2.359586269222108,4.198796442835734,3.374880086530554,2.938213824583678,5.40664812126859,5.40664812126859,4.668338626639758,5.338831131573886,5.338831131573886,6.115501493191871,5.1024532303822365,4.6869682509004615,4.6869682509004615,4.557927589789938,4.69673817543605,4.69673817543605,4.69673817543605,4.816849163932346,4.613369544488918,4.809866756513613,5.005559810450523,5.108914595432107,5.108914595432107,5.108914595432107,5.331683372031808,5.250168856605994,5.10669943229099,5.042704055721349,5.116768455897936,5.116768455897936,5.116768455897936,5.116768455897936,5.138794784981575,5.138794784981575,5.138794784981575,5.138794784981575,5.096379736255283,5.13650077531174,5.106237473060884,5.121260553894239,5.131145267243086,5.103916233529763,5.103916233529763,5.105678975526948,5.105678975526948,5.09566164711636,5.098823350881118,5.098909620608269,5.09841266363952,5.102562639944117,5.102562639944117,5.1006388465092884,5.089125081550731,5.097502706047172,5.0918235749881795,5.0918235749881795,5.091565411316169,5.091565411316169,5.092262201357519,5.091153901745258,5.091153901745258,5.092115630785822,5.090785793170152,5.090785793170152,5.090805805419299,5.091142843263687,5.090961104359823,5.090231411078017,5.090231411078017,5.090231411078017
23,0.0,0.0,0.0,0.0038436277164421283,3.0478081010010524e-06,0.004638736669575193,0.003070905493851204,0.003070905493851204,0.0010332494246892512,0.0018915307245560842,0.0018915307245560842,0.001995832666779962,0.005473846064104808,0.0019150223992920267,0.00300764254632818,0.00300764254632818,0.004229008874898998,0.004153933339396072,0.0032676918436499143,0.0072591896602041996,0.005005293353870043,0.005005293353870043,0.0037699885866145006,0.0035554996358687324,0.0022240735400836436,0.0020846543457100648,0.0020846543457100648,0.0014882778691515288,0.0014882778691515288,0.0014882778691515288,0.0020856088076353393,0.0014359015779419919,0.0014359015779419919,0.0014359015779419919,0.001532712820857195,0.001532712820857195,0.001532712820857195,0.0009527032260302799,0.001429563391389002,0.0012096052770156015,0.0012096052770156015,0.0012747283591065717,0.001461496601453541,0.0013679746301979495,0.0013679746301979495,0.0013327663061985424,0.0013327663061985424,0.0011730986561812686,0.0011449073187832627,0.0011546624106483743,0.0011526689679768384,0.001139366889057116,0.0011728166258373701,0.0011728166258373701,0.0011728166258373701,0.0011668269629962575,0.0011668269629962575,0.0011605812502759542,0.001167291757125974,0.001167291757125974,0.0011677054122136766,0.0011677054122136766,0.0011607533712105398,0.0011607533712105398,0.0011607533712105398,0.0011630059688873561,0.001161771463762416,0.0011659482122853408,0.0011659482122853408,0.0011652658916644697,0.0011652658916644697,0.0011637257119175195,0.001164593188659549,0.0011624706271348177,0.0011624706271348177,0.0011623838081831353,0.0011635621350593298,0.0011638865532180688,0.0011628721350835434,0.0011617888836048722,0.0011617888836048722
24,1.232595164407831e-32,0.04706243172396571,0.05677468994702844,0.06166178158366585,0.10335188260594376,0.14280894266925243,0.38194473699272186,0.32221228157709736,0.32221228157709736,0.413185601556501,0.413185601556501,0.526211560304035,0.6710982455531104,0.6082667588757551,0.5625792855956758,0.5846041939384177,0.6525801973611507,0.6525801973611507,0.6200176819998019,0.6447090788847315,0.6447090788847315,0.6447090788847315,0.6383255318963313,0.62224777018407,0.6395628339423071,0.6357994528502253,0.6357994528502253,0.679077190565499,0.679077190565499,0.6740955745850575,0.6623564993762618,0.6623564993762618,0.6623564993762618,0.66093297130429,0.6580333925191562,0.6533570702298976,0.654168216166557,0.6541290126389879,0.6580448267917777,0.6580448267917777,0.6583518882301135,0.6583518882301135,0.6583045117738601,0.6583045117738601,0.6583045117738601,0.6583045117738601,0.6571191968566095,0.6572832139479873,0.6563993219722671,0.6560981872581497,0.656945277718379,0.6572227943496692,0.6567124185373805,0.6581739265187364,0.6581739265187364,0.6579467751210312,0.6585682040677865,0.6585682040677865,0.6577911023476649,0.6577911023476649,0.6577911023476649,0.6575312212869449,0.6576925745359492,0.6576925745359492,0.6576925745359492,0.6577405282342087,0.6577405282342087,0.6577527663069057,0.657745392167481,0.6578133531388011,0.6577830261357319,0.6576123945825001,0.6575273329486044,0.6576585756651081,0.6576585756651081,0.6576585756651081,0.6576131032485115,0.6576131032485115,0.6576735298200079,0.6576735298200079,0.6576778657208903
25,1.232595164407831e-32,0.051050262313096985,0.051050262313096985,0.0011487035468893182,0.0011487035468893182,0.0011487035468893182,0.00026653823367078875,0.0063149461116932554,0.005896522014724941,0.006985576198469064,0.005899788437853661,0.007841622606074777,0.0021770466159232804,0.005081206654987448,0.005081206654987448,0.005081206654987448,0.007843278432970889,0.00431852967235384,0.007064997177378548,0.01869145873939475,0.01869145873939475,0.019711861709251655,0.0193275410307877,0.0193275410307877,0.0193275410307877,0.015355780319954779,0.015355780319954779,0.015355780319954779,0.02733066037475314,0.02733066037475314,0.027164926214170215,0.027136101735539608,0.027136101735539608,0.026476949855593592,0.028825501968844945,0.028825501968844945,0.029500037884107513,0.029500037884107513,0.029500037884107513,0.028996158216275967,0.028996158216275967,0.028996158216275967,0.028996158216275967,0.02821660835721426,0.02821660835721426,0.028484154455663623,0.028484154455663623,0.028484154455663623,0.02937717178958017,0.02937717178958017,0.02910316325260605,0.029167227749080905,0.029167227749080905,0.029193446007906434,0.029374068965826425,0.029350289886035823,0.02913410575965679,0.02913410575965679,0.029245367785772317,0.029245367785772317,0.029245367785772317,0.029245367785772317,0.029292578303707545,0.029337943538241353,0.029399722578860418,0.029376887155645164,0.029376887155645164,0.029376887155645164,0.029371021543348422,0.029371021543348422,0.029371021543348422,0.029338117521407515,0.029338117521407515,0.029317861510251113,0.029309107200638625,0.02937062089711657,0.02937330385731125,0.02935946458654792,0.02935946458654792,0.029359090135147158,0.029360923620551677
26,4.930380657631324e-32,0.09797877809941845,8.947212914218204e-06,0.01225754474886384,0.01225754474886384,0.005673905035222002,5.229872610799346e-05,5.229872610799346e-05,0.2797155922349755,0.19423402716002638,0.19423402716002638,0.14598561957189965,0.10302637547264604,0.1406669953660842,0.13188148385902856,0.1375576084431745,0.08862456273349544,0.05852160423435802,0.05852160423435802,0.05852160423435802,0.04885476711971799,0.054634540445020134,0.04939593101105002,0.04939593101105002,0.055962703187397746,0.05609683284582297,0.05507089709683495,0.05890930292487533,0.05890930292487533,0.059860856097031144,0.06143625025551972,0.058552737248716694,0.058552737248716694,0.058552737248716694,0.06146291770203686,0.06289498212049618,0.06289498212049618,0.06289498212049618,0.06286723766500789,0.06262320961232058,0.06262320961232058,0.06250334139185044,0.06250334139185044,0.06202238991466141,0.06228838916451671,0.06228838916451671,0.06217107229870524,0.06213345438868848,0.061980961024459255,0.06235224012636514,0.06246157367956164,0.06246157367956164,0.06263232057734448,0.06264376218440583,0.0628216926909151,0.0628216926909151,0.06258571943044064,0.06258571943044064,0.06256270293409051,0.06263507727197126,0.06263119722720419,0.06263119722720419,0.062462690274606145,0.062455809663248714,0.0622599600892383,0.06227928236036752,0.06227928236036752,0.06226597283954608,0.06226597283954608,0.06226597283954608,0.06224366027795864,0.06224366027795864,0.06226454146838952,0.06226454146838952,0.06224689905134207,0.06224689905134207,0.062247675057940904,0.062247675057940904,0.062247675057940904,0.062247675057940904,0.062255713688358576
27,0.0,0.0005651731523471683,0.0005651731523471683,0.0005651731523471683,0.04344247644363069,0.04344247644363069,0.04344247644363069,0.06660449994219766,0.06660449994219766,0.08556010131957015,0.07576692356789984,0.07531860271885957,0.11749682151938226,0.14580713550724092,0.11715173570095348,0.13618247927038007,0.1748945619494692,0.17415680445802237,0.17415680445802237,0.17179628774513614,0.18165823341513787,0.18165823341513787,0.18974232102508018,0.18896147140346398,0.18896147140346398,0.19620852553576526,0.1748030905273933,0.1748030905273933,0.1748030905273933,0.1748030905273933,0.1748030905273933,0.18064573213209384,0.1777238346169304,0.17640816775069873,0.17919310273390496,0.1808667318974682,0.1808667318974682,0.1818747884382289,0.18254365640451287,0.18254365640451287,0.17966523958481312,0.17976778145040434,0.17986408351135552,0.18111025229323185,0.1808373280437585,0.17902843359248927,0.17963360730807684,0.1804265831798672,0.1804265831798672,0.1804265831798672,0.18063797222807335,0.18021226119858683,0.1796000269763933,0.1796000269763933,0.17900164189360668,0.17889980489938323,0.17840575239556755,0.17840575239556755,0.17840575239556755,0.17840575239556755,0.17840575239556755,0.17851218639247804,0.17851218639247804,0.17851218639247804,0.1784794778929876,0.17838253204707077,0.17838253204707077,0.17838253204707077,0.1783650152268724,0.1783650152268724,0.1783650152268724,0.17838016906777907,0.17832159629478306,0.17844226116193596,0.17841240225022115,0.17845502419454373,0.17846171986031104,0.1784487467763251,0.17846434785252846,0.17846434785252846,0.178491509336611
28,0.0,0.04929128201683898,0.013644391937663973,0.013644391937663973,0.1679882494417515,0.05491639188939899,0.014887259019453177,0.014887259019453177,0.010436113943661602,0.030882606849045636,0.08675265821278581,0.12515149330855768,0.15963105207665962,0.14074899897035598,0.14074899897035598,0.11096121128800177,0.11312783721703518,0.13258307067279723,0.09195070512060885,0.09195070512060885,0.0827733381364111,0.06485622667291994,0.07300498035884519,0.07300498035884519,0.0817916432681574,0.08635173852987577,0.0806547003690033,0.09887898334474374,0.10474315341866065,0.10532551535322714,0.10309712724269746,0.10309712724269746,0.10128727691538315,0.09661077947359713,0.09705742397000164,0.09688340904564299,0.0985679960101133,0.09660396769141702,0.09660396769141702,0.09911183591742415,0.09911183591742415,0.09693306354433032,0.09597192924940821,0.09597192924940821,0.09664322417504921,0.09804741269069882,0.0965032787971972,0.0965032787971972,0.09849530187410041,0.09949635968206474,0.09853619373611854,0.09853619373611854,0.09786375185000103,0.09882794875381953,0.09882794875381953,0.09882794875381953,0.09882794875381953,0.09870351927459135,0.09870351927459135,0.09870351927459135,0.0987766103473644,0.0987766103473644,0.0984744008641251,0.09818988764982843,0.09818988764982843,0.09823497156962616,0.0982117369874799,0.09802932386584545,0.09790130354654548,0.09790130354654548,0.09789088621686132,0.09789088621686132,0.09787586131845355,0.09793815439424285,0.09793815439424285,0.09795596253126648,0.0979345393803569,0.09796079883357157,0.09797358726416189,0.09791902801309953,0.09786811540237765
29,0.0,0.005755326901178391,0.005755326901178391,0.10379847089073777,0.007428183242524422,0.0012385667724449732,0.03171839724069513,0.03171839724069513,0.037534098730662796,0.030297674142541465,0.030297674142541465,0.04546908203965934,0.05017470025263715,0.016038533572661214,0.016038533572661214,0.016038533572661214,0.016038533572661214,0.019864752595967462,0.019880938164867665,0.019880938164867665,0.02273380685513796,0.025687466531098508,0.023073724509550853,0.023073724509550853,0.0228390696505776,0.025980942886092925,0.027595604866809894,0.02878247486974634,0.02878247486974634,0.028432017732870875,0.029355897549375707,0.02965776217213394,0.029382022358219937,0.029659765750108282,0.02852837255817433,0.028456392016439642,0.027624482837055955,0.027868455923465447,0.02799950397874317,0.028077913982951237,0.02830917528508686,0.02830917528508686,0.028130923954263577,0.028385843515409723,0.028385843515409723,0.028459595150507822,0.0285762874972154,0.02877135791596012,0.02869131277939278,0.02869131277939278,0.028676178855879517,0.028797020258219144,0.028797020258219144,0.028797020258219144,0.028797020258219144,0.02883069581540661,0.028832602711141887,0.02882415374797784,0.028826476324359095,0.028826476324359095,0.028886414818053145,0.02888242699205685,0.028880731438397856,0.02888304278219448,0.02888304278219448,0.028859550558434265,0.028859550558434265,0.028849975681364784,0.028856462935642008,0.028856462935642008,0.028856462935642008,0.028856462935642008,0.028855554666264095,0.02885329898353765,0.028853793051947737,0.02885560703801935,0.02884801039904379,0.02884801039904379,0.02884765464757798,0.028850128441891103,0.028851466226921002
30,0.0,0.3344131045033979,0.3344131045033979,0.30767040198598566,0.1344236601753917,0.1344236601753917,0.09479093384799392,0.21657264726394448,0.18933828396411256,0.20595813770874002,0.20595813770874002,0.21336156191323033,0.21336156191323033,0.2443840337833192,0.25889189888188663,0.24125045834444409,0.24125045834444409,0.24844710757237295,0.24844710757237295,0.14975007658868264,0.155067792545409,0.155067792545409,0.155067792545409,0.15244400331585117,0.15220584591497632,0.1519205400122908,0.1519205400122908,0.1519205400122908,0.14926615461330128,0.15007740044288848,0.13843459620340884,0.1360835813045989,0.1360835813045989,0.13594694757837067,0.13594694757837067,0.13594694757837067,0.13705736506156033,0.1377765253960517,0.1408535096176029,0.1408535096176029,0.14201508493261014,0.14201508493261014,0.13775457951114062,0.13775457951114062,0.13799464535325176,0.13799464535325176,0.1379999453328702,0.13743746611454613,0.13743746611454613,0.13743746611454613,0.13807830891651005,0.13773180803547877,0.13757595307848947,0.1374997867802644,0.13782354904298125,0.1376942640399506,0.1379304503722161,0.1377283858044769,0.13785580458388888,0.1377970094891392,0.1377970094891392,0.13783372948348607,0.13783372948348607,0.1377785077015082,0.13779358827476829,0.13775902753673244,0.13775902753673244,0.13775902753673244,0.13775902753673244,0.13778933305526989,0.13773043172862087,0.1377147653487479,0.13774964547994853,0.13774964547994853,0.1377330097066667,0.1377446806054692,0.1377446806054692,0.13776135138859805,0.13776135138859805,0.13778609534045147,0.13778609534045147
31,0.0,9.405406924724449e-05,0.02438166454183571,0.006480107355113274,0.006295488643573131,0.006295488643573131,0.019130882111900775,0.014423078799389293,0.02787120833936726,0.02655675843030192,0.02655675843030192,0.02340915844037022,0.02340915844037022,0.02340915844037022,0.018562861214492517,0.018562861214492517,0.023277627736994013,0.023339567528219758,0.02503687273372027,0.02503687273372027,0.027295231324996443,0.027295231324996443,0.026842628318554537,0.028387756635452052,0.030829766455874527,0.033859400923090546,0.033859400923090546,0.028190689338805225,0.025649974740260408,0.02700397345550286,0.02700397345550286,0.025356449594489794,0.0271784999971891,0.0271784999971891,0.029550776995726863,0.029550776995726863,0.029550776995726863,0.029550776995726863,0.029550776995726863,0.028783703633497366,0.028783703633497366,0.028783703633497366,0.028369161917489793,0.02870129978241919,0.028804900514166884,0.029284917117096257,0.02910204641240707,0.02922230230088064,0.02908293351898464,0.029096563945527905,0.029096563945527905,0.029096563945527905,0.029096563945527905,0.02905923665807783,0.02881236358611441,0.02881236358611441,0.02881236358611441,0.028864868384882086,0.02896118310491592,0.02896118310491592,0.02896118310491592,0.028882766773908587,0.028874428030758615,0.028876749197808457,0.028876749197808457,0.02888633607691928,0.02886814426314687,0.02886536803522095,0.02890027720902004,0.028871145552979316,0.028871145552979316,0.028864106241737107,0.028869335585767417,0.028869335585767417,0.028877353972268045,0.028850046242632585,0.028830295650746896,0.028827037738200778,0.028827037738200778,0.028821661169096673,0.028821661169096673
32,4.930380657631324e-32,0.20425113461616612,0.0921831565938412,0.4718783936596356,0.8200335992423462,0.8200335992423462,0.5186658626290286,0.4637765156714351,0.4637765156714351,0.000353907336563742,0.03762399338215861,0.22069805925231764,0.18876617731150702,0.18876617731150702,0.26711836998566135,0.26711836998566135,0.26711836998566135,0.20523061786324026,0.2742653529805651,0.2742653529805651,0.4617037289592144,0.44761226507954927,0.4317838717876368,0.4317838717876368,0.3027635723934408,0.3027635723934408,0.3717989368285294,0.3717989368285294,0.38706283699721067,0.38706283699721067,0.3793167371974568,0.4214112840841363,0.4214112840841363,0.4214112840841363,0.4214112840841363,0.4187354642231539,0.3975813998833838,0.3975813998833838,0.4115316374104045,0.411902815973586,0.4051241482928352,0.3993526890089145,0.3965817784266766,0.39622584236030656,0.39622584236030656,0.39071045471040006,0.39071045471040006,0.39071045471040006,0.39071045471040006,0.39071045471040006,0.3895377695659127,0.39159368346360773,0.39157805242345173,0.39447982253633196,0.39252817608897955,0.39263477065488933,0.39263477065488933,0.39372854291777726,0.3941139704836914,0.39504971522687865,0.39504971522687865,0.3954737360216998,0.3955054766013243,0.3956582315665893,0.3956582315665893,0.3954226978825267,0.3944581145549784,0.3944581145549784,0.3949652927763466,0.3949652927763466,0.39514103250201194,0.39486853034192415,0.39486853034192415,0.3946120298417196,0.39518716362379835,0.3950732949824247,0.3948834287516275,0.3949818376601917,0.39490603295878224,0.39490603295878224,0.3949728530563566
33,0.0,0.41494220997708564,1.1285780154200356,1.1285780154200356,0.7814227582711434,0.3156274471755488,0.004963906172123878,2.297475866534471,2.244812533223757,1.0178925238388785,2.097862260564311,0.4778496362622161,0.4778496362622161,0.7505112517509156,0.8774463327393084,0.46779825821771315,0.46779825821771315,0.46779825821771315,0.46779825821771315,0.46779825821771315,0.2357817876457946,0.2357817876457946,0.2357817876457946,0.3140348633943857,0.2739662872440846,0.39230431232207896,0.515184792631981,0.46349800451658985,0.46349800451658985,0.4521583996612908,0.4159124774294287,0.4159124774294287,0.4159124774294287,0.4164276614511134,0.43094752503624273,0.4112101165689326,0.4112101165689326,0.4087691126317665,0.40945029838507,0.44520535602998657,0.44520535602998657,0.44520535602998657,0.43002207678280147,0.43002207678280147,0.43831745825779833,0.4350413066582841,0.4350413066582841,0.4442851521587166,0.4442851521587166,0.4338316431299762,0.43303746800650983,0.43303746800650983,0.4318777087241336,0.4318777087241336,0.4283304331603131,0.4283304331603131,0.4307877175535954,0.4307877175535954,0.4302002739638769,0.4310944103726095,0.4298200728129984,0.42979766827732835,0.42979766827732835,0.43040998886661785,0.43041924168051776,0.43041924168051776,0.43041924168051776,0.4309628879018436,0.4313919781872015,0.4313919781872015,0.4313919781872015,0.43150638845944045,0.43150638845944045,0.43150638845944045,0.43150638845944045,0.431766727551671,0.431766727551671,0.4316134635263605,0.43143626711148236,0.43143626711148236,0.43149373492005616
34,1.232595164407831e-32,0.2789065225514412,0.18197624528113723,0.04437237396747694,0.24595818632362848,0.1048001625946865,0.03207165639563468,0.25898703969762116,0.25898703969762116,0.2149360533641404,0.27326085136272354,0.1169386673896254,0.20099125015371225,0.20099125015371225,0.20099125015371225,0.20099125015371225,0.25453955837223624,0.2934737299497322,0.20673890218895133,0.20673890218895133,0.3069018076181085,0.35242971318753097,0.27801791425543737,0.27801791425543737,0.27801791425543737,0.2807321410401431,0.2807321410401431,0.2807321410401431,0.2796735163082115,0.2775057042737322,0.2882337418132454,0.3470901501258171,0.3470901501258171,0.3470901501258171,0.3470901501258171,0.34947194394592146,0.3442973378172852,0.34285105891197565,0.3502698293450812,0.3514602671554743,0.35045454756835304,0.35045454756835304,0.3518023959546902,0.3494580593913127,0.35455312718178006,0.35455312718178006,0.35455312718178006,0.3521177482913195,0.35272127191113156,0.3537467747585067,0.35404947782483454,0.35987656690409836,0.35987656690409836,0.35987656690409836,0.35862529413621885,0.3584400502354695,0.3584400502354695,0.35792577839026657,0.35792577839026657,0.3582614023454072,0.3583649808154848,0.3583649808154848,0.35829596469287933,0.35838688014125913,0.35838688014125913,0.35847738358383924,0.3586091325733285,0.35871530627988957,0.35875789488265675,0.3590458940610368,0.3590458940610368,0.35876341656491095,0.3590669407633708,0.3590669407633708,0.3590669407633708,0.35911809336479195,0.35917738986178976,0.35921217619683343,0.35919158900514836,0.3591676757314793,0.3591928126744013
35,0.0,0.008391352848742565,0.139452117798747,0.139452117798747,0.04406327990581834,0.03668799060543731,0.03447737925306265,0.002663882540630405,0.002663882540630405,0.0077079859916489865,0.0077079859916489865,0.0077079859916489865,0.013918058159285296,0.02439508612504723,0.05657497049678288,0.05657497049678288,0.0413057654099148,0.0413057654099148,0.03399375357865388,0.02329837701603366,0.02329837701603366,0.020203753277860153,0.020203753277860153,0.017659614065956033,0.02147368631203368,0.01409448798468613,0.01409448798468613,0.01285176247746932,0.00922403306950275,0.00922403306950275,0.00922403306950275,0.00922403306950275,0.00922403306950275,0.009548947897999562,0.009570793472173884,0.01014277947125111,0.013279275740950308,0.010752493320744001,0.010752493320744001,0.0111312011343859,0.009894903570620693,0.009894903570620693,0.009894903570620693,0.009437176082078395,0.009437176082078395,0.009362776660310003,0.009145718511572663,0.009524554219554407,0.009650305110093403,0.010193317036128734,0.010155529128694961,0.010155529128694961,0.010598038623147203,0.010598038623147203,0.01057338363960384,0.010612813219050153,0.010617789111981125,0.010617789111981125,0.010684049109101628,0.010684049109101628,0.010684049109101628,0.010684049109101628,0.010684049109101628,0.010694650345402505,0.01066919023303623,0.010650627223163246,0.010650985365099355,0.010647883590306313,0.010657641293563443,0.010651320534880899,0.01064354597474183,0.010657344356857378,0.010658096946225762,0.010639710294393898,0.010639710294393898,0.010643740690321408,0.010647611349088674,0.010641694744020843,0.010642158403453478,0.010642158403453478,0.010639607586200998
36,0.0,0.023156292452385287,0.023156292452385287,0.023156292452385287,0.0788698013068043,0.08678210721609841,0.050975581642574506,0.050975581642574506,0.02875707313315497,0.032738872407028066,0.03647734152604553,0.03934515552952517,0.03934515552952517,0.037497624490108135,0.037497624490108135,0.037497624490108135,0.05478495829859665,0.04529633704706202,0.03736398721137114,0.032037506170800624,0.015996798414640308,0.01508631604613938,0.01508631604613938,0.0155861165444956,0.013443466664553733,0.018937450730503555,0.023657631437977975,0.023657631437977975,0.030182124960870818,0.030182124960870818,0.023334770182791374,0.023334770182791374,0.023334770182791374,0.02075485786458131,0.02075485786458131,0.020904305691358847,0.020904305691358847,0.02103121031864658,0.02103121031864658,0.02145834108699181,0.02145834108699181,0.02183137341618803,0.02116070280340611,0.021075329758514963,0.021431127487116702,0.021431127487116702,0.02125204620577738,0.02125204620577738,0.021426611591996287,0.02151787455141057,0.021409372454748016,0.02128602393430842,0.021433711648948542,0.021458885570943418,0.02147790800009124,0.02147790800009124,0.021418409224672485,0.021297777785557498,0.02121604712109125,0.021185712163692142,0.021185712163692142,0.021185712163692142,0.021179015227830313,0.02119268477746952,0.021265617878928476,0.0212780977839485,0.0212780977839485,0.021303778888874574,0.021303778888874574,0.021320374050625066,0.021320374050625066,0.021320374050625066,0.021320374050625066,0.021320374050625066,0.021320374050625066,0.021319205108929262,0.021319853829323908,0.021322776035018726,0.021321468388554737,0.021320944290659855,0.02131974247288892
37,0.0,0.05767969684050413,0.4479432311151643,1.5571049821844638,1.5571049821844638,2.045569709818571,2.045569709818571,0.7508802200805497,0.8818772417774378,0.8818772417774378,1.1890498124675168,2.2482771508975485,1.9474229989068794,1.9474229989068794,1.6039392970059647,1.4877058678676383,1.5829001529426219,1.5629363694855989,1.9375378390322915,1.9375378390322915,1.743068302976961,1.743068302976961,2.0758695009384,2.2833661013401274,2.359212928525552,2.595799939485843,2.388659601581004,2.1271351565808194,2.1271351565808194,2.4656901396265645,2.5705342004154543,2.5705342004154543,2.5705342004154543,2.245794413544218,2.375677132898634,2.375677132898634,2.375677132898634,2.375677132898634,2.3717189659344764,2.356324007666374,2.3326038185234252,2.3541498357587747,2.3541498357587747,2.363666747713553,2.338303472710704,2.3461080697048353,2.3489563268321585,2.3537286235708192,2.352596424831288,2.360776085587752,2.360776085587752,2.360776085587752,2.379608800284325,2.357556920880225,2.34056487113503,2.34056487113503,2.34056487113503,2.34056487113503,2.34056487113503,2.34056487113503,2.3456589650208115,2.3473527810681136,2.3473527810681136,2.3498102887407777,2.3514504053925473,2.3516911097706,2.3529719183665008,2.3529719183665008,2.352000470106076,2.3536415439012424,2.3527560485889545,2.352090455832542,2.3532250860636528,2.351579334018382,2.3508655481780814,2.3508655481780814,2.3508655481780814,2.3494241906078455,2.35148561575025,2.354065615025532,2.3503972574000986
38,0.0,0.039109254293465644,0.04811249161542333,0.3625460340703395,0.6560657156309118,0.562544193507169,1.0963231359263037,0.9741562899954069,0.9741562899954069,0.8257926800770324,0.8257926800770324,1.1511959015188524,1.0565613648397854,1.0565613648397854,1.1133439643170404,1.1756533236292133,1.1783658132118067,0.9925403999751119,1.0058105798509793,1.050262927322119,1.050262927322119,1.050262927322119,1.050262927322119,0.9672269126699338,0.9672269126699338,1.0130762222955974,1.0850016335836088,1.053227992138182,1.053227992138182,1.0544833897730856,1.0544833897730856,1.0544833897730856,1.0505650074944146,1.0394585635486797,1.0394585635486797,1.0230081103435138,1.0250269756271289,1.033356846176577,1.033356846176577,1.0372372165879322,1.0372372165879322,1.0372372165879322,1.0353763991986142,1.0371648045334039,1.0439945306102345,1.0439945306102345,1.043612620422868,1.0450835002485064,1.0446041587249237,1.0446041587249237,1.0446041587249237,1.046858799406802,1.046858799406802,1.0471800255626014,1.050346550873203,1.0485182558191386,1.0494946433493446,1.0494946433493446,1.0497209376786956,1.0497209376786956,1.0497209376786956,1.0500568304132967,1.0509701617640852,1.0509701617640852,1.0509701617640852,1.0503548382652252,1.0504834132039684,1.0504834132039684,1.050476157064387,1.050476157064387,1.0505487614794067,1.0505487614794067,1.050584026537153,1.0505843906703851,1.0506100045836038,1.0506100045836038,1.0505911222638409,1.0505911222638409,1.0506263541402738,1.0506263541402738,1.0506185182647731
39,0.0,0.0,0.45996407943616957,3.3352122173622187,3.3352122173622187,3.3352122173622187,5.139062128187896,0.6506480238844519,0.5782384366312752,1.0874692785472029,1.0505951649326184,0.8040229827130216,0.8040229827130216,0.8040229827130216,0.6991811404239998,0.591395983142674,0.4719315265517168,0.4719315265517168,0.37303906063374564,0.37303906063374564,0.37303906063374564,0.4982858474456312,0.22094671824822817,0.31246794189127675,0.31246794189127675,0.31246794189127675,0.3032522394991419,0.3032522394991419,0.3139967899954461,0.28803667947973616,0.303306647009445,0.29578399973344155,0.2641876011206547,0.2900210830735221,0.28752054086410644,0.27165784990916503,0.27165784990916503,0.27209451088780473,0.27209451088780473,0.27209451088780473,0.2757656329767205,0.2714613713309015,0.2714613713309015,0.273519670095896,0.26807599230160734,0.2625424576267226,0.2625424576267226,0.2625424576267226,0.2619766001981002,0.26192396179663907,0.2621467697981167,0.26179520490848107,0.2649398635394564,0.2666447414542415,0.2682728618265583,0.2682728618265583,0.2692881465746794,0.2692881465746794,0.26930483205472505,0.2684300311772577,0.26781512329469864,0.2672299687767199,0.2672623846919683,0.2672623846919683,0.2671398432654331,0.2671398432654331,0.26741448963221687,0.2675990428336561,0.2675990428336561,0.2675990428336561,0.2675990428336561,0.26750645024227315,0.2675726000142681,0.26750055017249325,0.26750055017249325,0.26751565240556724,0.26751565240556724,0.2675315297773951,0.26758976126554457,0.2675203559721145,0.26752117161984396
40,0.0,0.006191405852899524,0.006191405852899524,0.011954703727318229,0.09200745233882165,0.09200745233882165,0.3523185014346989,0.3523185014346989,0.12586979375070984,0.12586979375070984,0.12586979375070984,0.3796617488121782,0.3796617488121782,0.3796617488121782,0.278022886537205,0.3189477294475839,0.25384586571707546,0.27516971313652644,0.27516971313652644,0.2954299661634488,0.25060936807819173,0.2572275938552194,0.2572275938552194,0.2500107286116023,0.2500107286116023,0.2353671493408362,0.2548579710027735,0.27545182600439977,0.27545182600439977,0.2702230475519478,0.2673399881089795,0.2635002203833786,0.2635002203833786,0.2695991536527851,0.2695991536527851,0.27288377081578113,0.27591019264187927,0.27591019264187927,0.2788988069921206,0.2788988069921206,0.28331855826519386,0.2826089473397149,0.2797097485918627,0.2812049010044698,0.2812049010044698,0.28161547432714734,0.2786508006602775,0.2796021019759486,0.2796021019759486,0.2805577406107945,0.2805577406107945,0.2805433284046314,0.2801374873634209,0.27975607401184754,0.27944228116738973,0.2796276532722953,0.2796276532722953,0.2798630960618327,0.27976433877730633,0.2810144103848365,0.2810144103848365,0.28110239272771026,0.2801711913568414,0.2801711913568414,0.28016249627804823,0.28016249627804823,0.279770388323187,0.279770388323187,0.279770388323187,0.2795851825955996,0.2795851825955996,0.2795851825955996,0.27971099160047347,0.2796262906897828,0.27937806069725735,0.2794331777150945,0.2794331777150945,0.2794331777150945,0.27943052946767066,0.2794247248996511,0.27944107051002426
41,0.0,0.15400281970053942,0.5026287597509002,0.6957456371216946,0.3265472398049573,1.1092893325969326,0.6136410781472789,0.6136410781472789,0.5924647986914745,0.7995546946603641,0.7995546946603641,0.7995546946603641,0.6614422307338242,0.6614422307338242,0.6614422307338242,0.7111225564871353,0.7111225564871353,0.8551476682955439,0.8076903604272372,0.8107093679459639,0.709856221324478,0.709856221324478,0.6647781939813624,0.6647781939813624,0.6647781939813624,0.6473865623875563,0.6482252841671186,0.6536508288662535,0.6378161921499846,0.6509721394634022,0.6656006546578224,0.6427156827334932,0.646833795522622,0.6599545243432758,0.6513964520826246,0.6399558652325825,0.642193006319985,0.642193006319985,0.6462672860199882,0.6368957300352053,0.6431145289904244,0.6493583163166629,0.6438844814697844,0.6438844814697844,0.6438844814697844,0.638826698647723,0.6370087438757653,0.6383856395910286,0.6366024450126496,0.6366024450126496,0.634960657170557,0.634960657170557,0.635758378921252,0.635758378921252,0.635758378921252,0.6358762335889842,0.6358762335889842,0.636152734903549,0.6364389156882062,0.6364389156882062,0.6360217816765172,0.6361230765255415,0.6366990375366871,0.6363509162456944,0.6363509162456944,0.6363627366907199,0.6363627366907199,0.6363627366907199,0.6363627366907199,0.6363627366907199,0.6362738968872317,0.6363801314674898,0.6365487526001713,0.6365221029570891,0.6365221029570891,0.6364924750834815,0.6364320907656702,0.6364645403781687,0.6364645403781687,0.6364695495511729,0.636367873237837
42,4.930380657631324e-32,0.3574594759328603,0.06289601582240084,0.0038412177282983314,0.08202986021001865,0.119185297184274,0.2186423451014139,0.14318549828978044,0.06474149943898846,0.07991865577686344,0.07991865577686344,0.025809023165099386,0.06634398230862722,0.06634398230862722,0.05100300244100557,0.05688532797795102,0.05688532797795102,0.05688532797795102,0.0490220315806725,0.0490220315806725,0.04591600377083731,0.037663405328211816,0.045405254187275944,0.047913980083928095,0.047913980083928095,0.039099281141561144,0.04062815072812274,0.04062815072812274,0.03897926252855964,0.03897926252855964,0.039060087246148914,0.039060087246148914,0.03859956924287004,0.03859956924287004,0.03875780354037474,0.0377641845574632,0.0377641845574632,0.0381959203508943,0.03688702210351028,0.03688702210351028,0.0378162541290076,0.03666620408643761,0.03666620408643761,0.03621918495562294,0.03621918495562294,0.03621918495562294,0.036666980510453404,0.036759508183128016,0.03665276326489019,0.03651928480188512,0.036702752783399455,0.036702752783399455,0.03685645926106003,0.036808946376974266,0.03733691778732777,0.03733691778732777,0.03733691778732777,0.03733691778732777,0.037220921467387286,0.037500101840199425,0.037272662879094136,0.03714607216800275,0.03714607216800275,0.03719936589757991,0.03719936589757991,0.03723778130782819,0.03716358802262064,0.03718764134884961,0.03718764134884961,0.03718764134884961,0.037170909420026065,0.03719125722862726,0.037207222759084224,0.037201346062818705,0.037201346062818705,0.037232537429932835,0.037232537429932835,0.03723415332109091,0.03724948263282154,0.03724948263282154,0.037215159631064934
43,0.0,0.21643518186241478,0.45999685419246267,0.45999685419246267,0.05401562232798676,0.05401562232798676,0.14825192745865207,0.05951672598823139,0.05498700340969274,0.0651319439218819,0.0651319439218819,0.060485795076978634,0.07120998298783811,0.07358385486476716,0.06551066046761476,0.07278939877823075,0.07278939877823075,0.07278939877823075,0.07821209607994811,0.08606618191100937,0.07871510912646104,0.08543490999537122,0.09024786521780503,0.07311186060541004,0.06867866456457185,0.06867866456457185,0.07970603133265018,0.06054772445841902,0.06054772445841902,0.06344951617877609,0.06344951617877609,0.061814743930038475,0.06250886566883136,0.06250886566883136,0.06250886566883136,0.06170229655913768,0.06160182384648519,0.06160182384648519,0.06336823633339445,0.06874407983250451,0.06777188235851173,0.06777188235851173,0.06873130730848018,0.06743272271556633,0.06858832837441269,0.06780716167199595,0.06798469923478996,0.068076803654734,0.06788071313180521,0.0677762290936359,0.06741745837896664,0.06723984372280227,0.0672702793379935,0.06744074259515774,0.06744074259515774,0.06728001399821947,0.06728001399821947,0.06754341395602732,0.06759794546632981,0.06759794546632981,0.06750644705822208,0.06750644705822208,0.06773975142444529,0.06763611411880836,0.06762417802803239,0.06759470815035894,0.06759470815035894,0.06757047932935366,0.06754441534359383,0.06754441534359383,0.06753356366482904,0.06750873117135543,0.06750873117135543,0.06749758135441919,0.06749758135441919,0.06750869800539643,0.06751561325769781,0.06751561325769781,0.06751571064505037,0.06751571064505037,0.06751571064505037
44,4.930380657631324e-32,0.03920867351697353,0.044257671369957216,0.044257671369957216,0.04102726356466475,0.01995075907402164,0.017300985747313237,0.0007157265620666906,0.1024633852269641,0.07757825420253765,0.08694681769348113,0.08694681769348113,0.08720933843156194,0.1264403319934964,0.1264403319934964,0.11500600474883976,0.09994308287716674,0.11172531487935297,0.10917220584768009,0.10917220584768009,0.1243335894685724,0.15934410476024255,0.15934410476024255,0.14085030849190897,0.11131445025356249,0.14460769463829876,0.14062809461664885,0.14378631832551705,0.14378631832551705,0.14024280100454606,0.14056865176838262,0.1441790850069145,0.1441790850069145,0.1441790850069145,0.14607393185902995,0.14658363276252068,0.1457910275664676,0.1457910275664676,0.1457910275664676,0.1467735531262834,0.14640256715013186,0.14613663927867918,0.1472043401034568,0.1452877913497593,0.14403640982735486,0.14403640982735486,0.14403640982735486,0.1437397019593907,0.14401343948593504,0.14401343948593504,0.14401343948593504,0.14389571682565683,0.14389571682565683,0.14405359947787855,0.14405359947787855,0.14392452034106293,0.14438444681302226,0.14438444681302226,0.14432543536117112,0.14432543536117112,0.1442337235532631,0.14434749808734665,0.14434749808734665,0.14477177678789177,0.14477177678789177,0.14476748372139048,0.14461461418256918,0.14478171877877116,0.14481078457976315,0.14490897252216772,0.14490897252216772,0.14485854446810045,0.14486154568907206,0.14486154568907206,0.14486913516706598,0.14486206211843125,0.14486206211843125,0.14488714089686935,0.14489553028622243,0.14489142247320577,0.14489116631319712
45,4.930380657631324e-32,4.930380657631324e-32,0.007329419950844341,0.0829424370468832,0.04533718444983879,0.04533718444983879,0.06663987237839117,0.10918780020181335,0.10528691169291098,0.10528691169291098,0.10528691169291098,0.10528691169291098,0.10528691169291098,0.10824654264544986,0.10824654264544986,0.10157090501148244,0.0954831227617728,0.10415241206998056,0.09734693896858133,0.09734693896858133,0.09734693896858133,0.09345248609587233,0.09708981137977923,0.09708981137977923,0.09708981137977923,0.10092337477734817,0.10092337477734817,0.10011392426385798,0.0976948587092796,0.0935004570610235,0.0935004570610235,0.09242825302434045,0.09242825302434045,0.09242825302434045,0.09210182601133637,0.09309697340691675,0.0920007677435766,0.09294893277557129,0.09370558647732431,0.09342039029903566,0.09340059549184203,0.09408449686513519,0.09408449686513519,0.09428882043262961,0.09428882043262961,0.09428882043262961,0.09428882043262961,0.094411872520858,0.09446528937508998,0.09446528937508998,0.09446528937508998,0.09446528937508998,0.0945499971841961,0.0945499971841961,0.0944434981733503,0.0944434981733503,0.09431663947041112,0.0943926986105681,0.0943926986105681,0.09437709959745612,0.0943685367123312,0.09440611367756706,0.09442103533646984,0.09441183538428616,0.09440532216825766,0.09441847453076742,0.09441847453076742,0.09441847453076742,0.09439598480779192,0.09437414466473328,0.09437414466473328,0.09437282175560018,0.09437282175560018,0.09438144413813614,0.09437830245917715,0.09436920489827308,0.0943731169959148,0.09436842378005468,0.09437114855177892,0.09437060951818889,0.09437157703973556
46,1.232595164407831e-32,0.9449760239383094,0.9449760239383094,0.49616895622248836,0.008046349402382986,0.030597080459063623,0.02027050799234577,0.11544059028747065,0.11544059028747065,0.2075262988285719,0.2075262988285719,0.1429871983939437,0.1429871983939437,0.1429871983939437,0.1429871983939437,0.1429871983939437,0.2567407147749468,0.28879115675489736,0.21560177018922896,0.21560177018922896,0.24931277556640472,0.24931277556640472,0.3067312814724124,0.26671095945095247,0.26671095945095247,0.26671095945095247,0.24786796256688653,0.308118929997839,0.308118929997839,0.3222975897949698,0.3222975897949698,0.3222975897949698,0.3091793656316293,0.3091793656316293,0.3091793656316293,0.30510841856389065,0.30510841856389065,0.33496216099966786,0.31286495277970056,0.31286495277970056,0.32796113307161795,0.32796113307161795,0.3245162280101389,0.32383259657746144,0.3312169953907245,0.3244051932871354,0.3248306480787655,0.3152003430653443,0.3198548906716081,0.32109368724515713,0.31536835327034,0.31883243401597017,0.3186787233998035,0.3186787233998035,0.31705259116626655,0.31705259116626655,0.31705259116626655,0.31890714312893026,0.3190521883874178,0.3190521883874178,0.3190521883874178,0.3187565139570403,0.3187565139570403,0.3188452335465,0.31901819738572285,0.31901819738572285,0.3186738178733631,0.3192918440413136,0.3191511455033509,0.3191511455033509,0.3191511455033509,0.3191511455033509,0.3191956323381276,0.31912312496143136,0.31899578379893695,0.31901003982502085,0.31901003982502085,0.31901003982502085,0.31901003982502085,0.31901003982502085,0.31898352865854884
47,0.0,1.0728884669024772e-05,0.026362213732261133,0.24494443333649715,0.24494443333649715,0.16023473227795826,0.0030714670623524522,0.4303152900387578,0.01009161120230103,0.02993707452704585,0.04228934993914926,0.07359447253380659,9.615665529815351e-05,9.615665529815351e-05,0.023244449968035277,0.04495172400940507,0.04495172400940507,0.05029248652046822,0.057274998771523165,0.046105066885186216,0.046105066885186216,0.03861396742460508,0.03861396742460508,0.03861396742460508,0.047581917376513794,0.04702666856042905,0.04702666856042905,0.04702666856042905,0.04702666856042905,0.05461186506044365,0.06587975417818316,0.03716849871046573,0.03716849871046573,0.03780626197407936,0.03780626197407936,0.03834483829613983,0.03834483829613983,0.03672959441879344,0.037175592469354916,0.040440861493310686,0.040440861493310686,0.03829151718986745,0.038637982217291846,0.04001793547046244,0.04001793547046244,0.03946848759257154,0.03950334316347319,0.03945110376160746,0.03945110376160746,0.03945110376160746,0.03945110376160746,0.03945110376160746,0.039825639337799756,0.03999525484340287,0.03999525484340287,0.03999525484340287,0.04004374661504733,0.04004374661504733,0.039925573025226445,0.03941545296657626,0.039225625804385565,0.039213556494319006,0.039213556494319006,0.039213556494319006,0.039081356201124205,0.03907808080747954,0.03907808080747954,0.03915363581797038,0.03915363581797038,0.03915363581797038,0.03915665623346067,0.03921122326036507,0.03921000763768432,0.03921000763768432,0.03923615546467865,0.0392741580301581,0.0392741580301581,0.03924867246691819,0.03921914887842845,0.03920796942831821,0.039203259617062024
48,0.0,0.13932393181798242,0.012109240756424118,0.017388794823477615,0.017388794823477615,0.000719677120005696,0.0019601788244779724,0.0019601788244779724,3.8858327935801344e-05,0.015271037661259269,0.0019434534202029672,0.008891610706069253,0.008891610706069253,0.009200214913796433,0.009200214913796433,0.0030523843281930574,0.0030523843281930574,0.008183204978406536,0.012358164073838801,0.005270384940951548,0.004711955148938853,0.009114126429481168,0.00637175491983478,0.00637175491983478,0.00637175491983478,0.004782502806298638,0.004782502806298638,0.0025339792864137894,0.001522415063502762,0.0018489281158411122,0.001372003606792772,0.001372003606792772,0.0008842060599557998,0.0008842060599557998,0.00121446026089087,0.001129768702673119,0.001129768702673119,0.0007793082874871907,0.0007793082874871907,0.0007123893604288674,0.0007513558908687233,0.0007513558908687233,0.0007073995686997604,0.0006840313427388913,0.0006840313427388913,0.0008038368971281364,0.0007805000472701096,0.0007314271792370981,0.0007314271792370981,0.0007314271792370981,0.0007412703228807465,0.0007412703228807465,0.0007412703228807465,0.0007412703228807465,0.0007409982662134118,0.0007409982662134118,0.0007437300229833759,0.0007838804795660105,0.0008048361913355979,0.0007762745335266166,0.0007762745335266166,0.0007762745335266166,0.0007944590918228676,0.0007944590918228676,0.000793303132466897,0.0007917676163525457,0.0007917676163525457,0.0007873814539209058,0.0007873814539209058,0.0007873814539209058,0.0007863400318389326,0.0007915054174906528,0.0007858799693139936,0.000786239345907996,0.0007850823990057472,0.0007839258123913783,0.0007839258123913783,0.0007855591336469669,0.0007855591336469669,0.0007841004541367997,0.0007851770947890334
49,1.1093356479670479e-31,0.00642085852999353,0.21431333073816655,0.002316510957284988,0.002316510957284988,0.025446226702299735,0.07255231506454111,0.10661434102803104,0.060709715767876045,0.060709715767876045,0.11198718406129407,0.02873463808591874,0.27982226284279127,0.051058805276382055,0.051058805276382055,0.051058805276382055,0.03343945282545156,0.03343945282545156,0.08676067579940101,0.05087522619373658,0.05087522619373658,0.030913549952115708,0.019665898423116245,0.019665898423116245,0.04590825568819112,0.04590825568819112,0.04590825568819112,0.029255183903829526,0.0023720276312845416,0.0023720276312845416,0.004998840700237723,0.004998840700237723,0.004998840700237723,0.010396714330550049,0.010396714330550049,0.010396714330550049,0.011470815773281785,0.011470815773281785,0.013652160799140892,0.009720656461624637,0.011511201542572921,0.010807487671897405,0.009729930961224794,0.011473293119102595,0.011710785322107984,0.010964312400539392,0.010964312400539392,0.010964312400539392,0.010964312400539392,0.010964312400539392,0.01114491313160389,0.010688738228338046,0.01013389866171583,0.01013389866171583,0.0110834697441609,0.0110834697441609,0.010578004310718944,0.010578004310718944,0.010536425995954413,0.010536425995954413,0.01001595624533076,0.010376156377424305,0.010543728585389817,0.010508862145864996,0.010508862145864996,0.010508862145864996,0.010543015910388844,0.010543015910388844,0.010615911168745657,0.010592387898651466,0.010566887500778263,0.010614075889683196,0.010543193807865,0.010586552586417174,0.01058417264336954,0.010587192261160313,0.010594458626118623,0.01059572644457322,0.010616375470544505,0.010669428106085318,0.010676536529781046
50,0.0,0.014603864082472854,0.02373123638387595,0.20377714757979265,0.20377714757979265,0.23854461845410851,0.23854461845410851,0.250319931291025,0.15154144183817456,0.08887540213977807,0.13980979463798585,0.07277742841060895,0.059496434414922555,0.08422014437575295,0.08422014437575295,0.08422014437575295,0.13146210938960703,0.13146210938960703,0.13146210938960703,0.13146210938960703,0.14963703649527627,0.141803804317359,0.1345036397619601,0.1345036397619601,0.1345036397619601,0.13861957028033928,0.13167388603425656,0.12768749787796185,0.12768749787796185,0.12715866198991496,0.14787281829972995,0.14787281829972995,0.140433349594103,0.14299938775662685,0.14412924206583497,0.14484640053692455,0.1448380353299066,0.1448380353299066,0.146794850272829,0.14555004642409358,0.14471509474461208,0.14546877782732326,0.146699796555602,0.14863253554638275,0.1499161850858958,0.1499161850858958,0.14989817424230192,0.14887098814897906,0.14862983219217488,0.14918700313770483,0.14941807114061037,0.14941807114061037,0.14934412086876983,0.1488076536139391,0.14976617784890162,0.14971989623839083,0.1496865983427076,0.1496865983427076,0.14951045582167677,0.14952828405988283,0.14952101878740373,0.14952101878740373,0.14952101878740373,0.149636920547513,0.14963351657136698,0.1495804545235353,0.1495804545235353,0.149592311513997,0.149592311513997,0.149592311513997,0.14960049071553566,0.14962730913371264,0.14961368178074552,0.14959611350614882,0.14962815318860376,0.14964424727740658,0.14964894351987362,0.14963972386348362,0.14963972386348362,0.14965583375573402,0.14965698574251465
51,1.232595164407831e-32,0.017720079000459892,0.6237559402639518,0.33147665421531347,0.4138753163654303,0.6765387946280896,0.36862653175764504,0.3936715624300859,0.1506908994428734,0.1506908994428734,0.3037693192341211,0.39074312167931213,0.39074312167931213,0.020856653206417674,0.032946313204424545,0.13217001550496044,0.009153144623230249,0.8181434994540998,0.3400614609508466,0.3946925676731287,0.3946925676731287,0.24476305923089828,0.24476305923089828,0.15341866844087676,0.15341866844087676,0.12996295272655278,0.12996295272655278,0.12996295272655278,0.10565595097689828,0.10565595097689828,0.11780652382549618,0.06473758153540961,0.06473758153540961,0.08489035622296533,0.060940798059348905,0.10593896154005884,0.07794114784336223,0.07794114784336223,0.07794114784336223,0.07863713317621135,0.08418359996877464,0.07974245398435931,0.07974245398435931,0.08014127816677241,0.07933147385450175,0.07933147385450175,0.07242311195571806,0.08073354756243793,0.08219177535784233,0.08801066484656865,0.08577874676788605,0.08577874676788605,0.08842621302508073,0.08948020186731766,0.08645851914108371,0.08894959145522033,0.08924176374116485,0.08762716709421105,0.08976504420441388,0.09195630105856217,0.09195630105856217,0.09230713212657886,0.09203060121919415,0.092773801608135,0.09283499226458357,0.09491591765944242,0.09372505661134427,0.0939909624420278,0.0939909624420278,0.0939909624420278,0.09377167902549417,0.09395461813453829,0.09399535581946472,0.09399535581946472,0.09406285006928408,0.09406285006928408,0.0940491393543049,0.0940491393543049,0.09408136688285035,0.09408136688285035,0.09402604020512681
52,0.0,0.2343802977328462,0.3633098203256475,0.19305659737995945,0.22142815703189397,0.2514733217508331,0.2514733217508331,0.2514733217508331,0.2514733217508331,0.2514602913815041,0.24210736442616307,0.22476019153745674,0.38871411778795695,0.3468906560947139,0.3468906560947139,0.3468906560947139,0.3468906560947139,0.3467076411790138,0.3467076411790138,0.35972292869930816,0.36104710626310893,0.36104710626310893,0.37993239220760033,0.3857995812818374,0.3857995812818374,0.40453645625308465,0.39769965403389695,0.3934303251191512,0.3934303251191512,0.3934303251191512,0.40290453497050016,0.39742075717845426,0.4027210012036249,0.4027210012036249,0.3956977543937413,0.39442658116247453,0.39442658116247453,0.3973211975961291,0.40432109751354534,0.40432109751354534,0.40432109751354534,0.4004246918751079,0.4000664884707272,0.3975067531118885,0.39898949370971043,0.3986483658351083,0.3986483658351083,0.3986103080189303,0.3987810903167495,0.3987810903167495,0.39944332089621426,0.39944332089621426,0.39957009357478535,0.3996440582989566,0.3996666263545424,0.39936569710090364,0.39936569710090364,0.3994350671631797,0.3994350671631797,0.3996482933123213,0.3993166883626328,0.39956730244699223,0.39956730244699223,0.39956730244699223,0.39956759682320414,0.39956759682320414,0.39949384758441353,0.3994656180492804,0.39948915330400736,0.3993919158510472,0.39941210849024683,0.3993579530668916,0.3994175739080592,0.3994435101640747,0.3995059998938068,0.3995059998938068,0.39946387908189207,0.39947968887505186,0.39946682072950157,0.3994520048330098,0.3994520048330098
53,0.0,0.003369716759763496,0.5857255031573656,0.5857255031573656,0.5857255031573656,0.31320335848981196,0.21698540798854418,0.21698540798854418,0.21698540798854418,0.267889496707337,0.3160473764043098,0.3344457406700969,0.25677968681428276,0.26267972300514475,0.23050754023580505,0.23050754023580505,0.24331854931297875,0.2945771020568954,0.34136657355700145,0.34136657355700145,0.3230673065432523,0.3230673065432523,0.30380670063778037,0.3266909007297896,0.3266909007297896,0.28352407498041066,0.2881039148163286,0.3166966138364275,0.29439458335641217,0.28306485787215124,0.2840007800243324,0.2840007800243324,0.2810101431129721,0.2810101431129721,0.28579969439403824,0.28966545282815076,0.29046027846923045,0.29187630173208406,0.28783735107182595,0.29605817308050414,0.29605817308050414,0.29605817308050414,0.29759513834547874,0.29759513834547874,0.2955416926961548,0.29926725052677083,0.29926725052677083,0.2986513824603948,0.2986513824603948,0.2985609937036174,0.29771564794104954,0.2982184513833857,0.29777011718685187,0.29790121688207694,0.29790121688207694,0.2978447067609276,0.29797014396539456,0.29797014396539456,0.29797014396539456,0.2980095024170499,0.2980095024170499,0.2980095024170499,0.2979766020426216,0.2979766020426216,0.2979699328106811,0.29795532883191217,0.29788744774732345,0.29802300063326603,0.29798198446574675,0.2980021198573005,0.2979681776817251,0.2979681776817251,0.2980202451750735,0.29797723818642163,0.29800982308356216,0.297997583945533,0.297997583945533,0.29799896027623474,0.2979628809052379,0.2979628809052379,0.2979628809052379
54,0.0,0.02883718832566072,0.02883718832566072,0.040736563501546905,0.011560401416423897,0.0003016015762292925,0.0003016015762292925,0.0003016015762292925,0.006018757409394294,2.650005462755036e-05,0.01200823557611304,0.06344350885797623,0.08909964449702037,0.07747965917515437,0.07747965917515437,0.07747965917515437,0.07747965917515437,0.06969185097745224,0.06785296504461315,0.06109136472558407,0.06109136472558407,0.07457180059348617,0.0681230906445938,0.06417330965135384,0.06855945941063908,0.06765506769273523,0.05982060432258336,0.06501931110805464,0.06501931110805464,0.06501931110805464,0.06319762919733107,0.06202077666128587,0.06202077666128587,0.06202077666128587,0.06106902548619684,0.05939233616694535,0.05939233616694535,0.060938310018367844,0.058655184310127395,0.059112497986122704,0.06006316133430127,0.06166341792332886,0.06166341792332886,0.06166341792332886,0.06166341792332886,0.06166341792332886,0.06182434890333062,0.06197124175632211,0.06260923676249353,0.06260923676249353,0.06254524852961461,0.06254524852961461,0.06268635458127507,0.0628166015365121,0.0628166015365121,0.06293885406096822,0.06293885406096822,0.06293885406096822,0.06293885406096822,0.06287685405093352,0.06287685405093352,0.06286926203168479,0.06286926203168479,0.06286926203168479,0.06292944113012522,0.06292944113012522,0.06292944113012522,0.06292944113012522,0.06282299141572308,0.06285981689964436,0.06285981689964436,0.06284834853859603,0.06285964523588305,0.06285964523588305,0.06279585151131636,0.06278591744157005,0.0627990329626868,0.0627990329626868,0.0627990329626868,0.0627990329626868,0.0627990329626868
55,0.0,0.001624321613272717,0.12635173645344291,0.19127567474487095,0.10064944798019759,0.10064944798019759,0.018734204093834594,0.17033534441248113,1.6973272277656566e-05,0.07601867430342764,0.07601867430342764,0.035650444925819015,0.035650444925819015,0.035650444925819015,0.031057350815398795,0.031057350815398795,0.03918890839447151,0.03918890839447151,0.06970195524958489,0.0647865437767788,0.042338200233717316,0.042338200233717316,0.027393282007550854,0.027393282007550854,0.027393282007550854,0.019638325189492784,0.021083615381834113,0.021083615381834113,0.0249663208540303,0.0249663208540303,0.035558382588357626,0.03117948013059256,0.03117948013059256,0.0250150696345955,0.0250150696345955,0.026668632328221316,0.024824424685810427,0.025984351242201442,0.02531184925867047,0.02531184925867047,0.026133542480603126,0.02377359486882947,0.02460223795056141,0.025740942135405336,0.024593292679523808,0.024593292679523808,0.025205395505111836,0.024786745636104633,0.024786745636104633,0.024786745636104633,0.025019796461688244,0.02489589691291553,0.02489589691291553,0.024548635116914352,0.024812143659590002,0.024812143659590002,0.024745756970646817,0.024795996587420408,0.024805482413837687,0.024525427726359343,0.024525427726359343,0.024535866740263892,0.024637408452203864,0.024608636650265754,0.024608636650265754,0.024400111889064748,0.024366173152684256,0.024359131571764257,0.02442197071581709,0.02442197071581709,0.02442197071581709,0.02439978745131705,0.024410080714501608,0.024411525082378465,0.024411525082378465,0.02444960619692571,0.024445550486615505,0.02445247543924194,0.02442739276823737,0.02440684033849828,0.024517510893172542
56,0.0,0.08139577483416904,0.027036720468259456,0.0021403183250797223,5.267392913719293e-05,0.013612637466468546,0.08759974504305962,0.3384753382695476,0.3384753382695476,0.3125814281622871,0.06301264069419354,0.09273514326825506,0.09273514326825506,0.1345881990792447,0.1345881990792447,0.16768610863842046,0.16768610863842046,0.16768610863842046,0.16768610863842046,0.15676451404997915,0.1681456735552958,0.1629173963949767,0.1629173963949767,0.1629173963949767,0.16282188729082603,0.1590308663813715,0.15986455870401878,0.1568497712025917,0.1502203812817763,0.15439135898071218,0.15439135898071218,0.15395868807258312,0.15277076193566647,0.15316594611598588,0.15219325595640498,0.15215009585458558,0.15215009585458558,0.15424127847849622,0.15537380506752493,0.1528016624703508,0.1531554374130441,0.1554004852936048,0.1554004852936048,0.15367969380838536,0.15697947075781157,0.15697947075781157,0.15582351302725345,0.15582351302725345,0.15389365725254098,0.1524195855668268,0.1524195855668268,0.15333504096820255,0.1536005013072139,0.15211972678437266,0.15211972678437266,0.15211972678437266,0.15197562332786776,0.15225014811246348,0.15225014811246348,0.15212820043265118,0.1525284684377372,0.1524949347374804,0.15243096721828436,0.1524931454263582,0.1524931454263582,0.15240061824213574,0.15241700174364514,0.15241019608564566,0.15243746884461173,0.15243746884461173,0.15238831948661638,0.15238831948661638,0.15238831948661638,0.15232586386222255,0.15231138138696254,0.15231138138696254,0.15231138138696254,0.15229564689120498,0.15231284682604462,0.152314274404435,0.15230486559568646
57,1.232595164407831e-32,0.05698091230225421,0.09525823877185483,0.0005044633522374659,0.0005044633522374659,0.021299775208169034,0.316112456454858,0.316112456454858,0.08559622233336539,0.08559622233336539,0.0018599726699106863,0.019953623635767637,0.019953623635767637,0.027949842495622143,0.04038697320250417,0.0214697819835099,0.0214697819835099,0.014167820062453379,0.014167820062453379,0.013585971040722688,0.013585971040722688,0.013585971040722688,0.013585971040722688,0.013585971040722688,0.013585971040722688,0.012171102690733251,0.012171102690733251,0.00810744411054388,0.00810744411054388,0.010522443890061023,0.00960018354809271,0.013390617225800013,0.013892071928631185,0.014294392349145505,0.014294392349145505,0.014294392349145505,0.014543935239670139,0.01407618601058757,0.014118750705592632,0.012081321392244986,0.012081321392244986,0.01218920125940838,0.01218920125940838,0.01218920125940838,0.01218920125940838,0.012114928309225535,0.012064736939104596,0.011784619225479475,0.011988689280971267,0.011953656333529723,0.011111819048531759,0.011152150013117526,0.011152150013117526,0.011152150013117526,0.011202124306179074,0.011603977736032585,0.011603977736032585,0.01145795785286358,0.01145795785286358,0.01145795785286358,0.01145795785286358,0.01145795785286358,0.011518762125845778,0.011518762125845778,0.011404896815491923,0.011495009850929525,0.011885651072702747,0.011885651072702747,0.011885651072702747,0.011885651072702747,0.011885651072702747,0.011512363684986739,0.011592656821842474,0.01155690401921418,0.011426653233119907,0.011445752376306137,0.011457567973758019,0.011457567973758019,0.011478826598704176,0.011478826598704176,0.011478826598704176
58,0.0,0.8145896683629408,0.8145896683629408,0.752675579922769,0.752675579922769,0.752675579922769,1.2366658128814623,1.2366658128814623,1.7729973501616563,1.8986297262939267,1.3669577456312212,1.3669577456312212,1.3456112005516792,0.9263884757834805,1.202226627701589,1.202226627701589,1.202226627701589,0.9021550059443901,0.8071613667371793,0.8071613667371793,0.7565732674441115,0.7565732674441115,0.8087136975913709,0.8154947066495855,0.8154947066495855,0.7993465185027222,0.7929338383458661,0.7730796039026251,0.7730796039026251,0.7652244546968621,0.7652244546968621,0.7652244546968621,0.7596823199876687,0.7560572853041727,0.7621975895647638,0.7544184264719546,0.7544184264719546,0.7521806246181554,0.7557188416796263,0.7555513780695714,0.7555810585282885,0.7491061797441563,0.7439640425538695,0.7439640425538695,0.7484752952010696,0.7590127968258448,0.7539399839043543,0.7539399839043543,0.7501847402864175,0.7531815101251804,0.7575497181633501,0.7575497181633501,0.7575497181633501,0.7569435972445472,0.7561735829633727,0.7559117032533156,0.7550436546129932,0.7550436546129932,0.7553677390214657,0.7553677390214657,0.7553677390214657,0.7551134919363501,0.7564304025417351,0.7564304025417351,0.7565861909455356,0.7565861909455356,0.7565861909455356,0.755989913025133,0.7560942833927873,0.7560572057719082,0.7563667852882159,0.7560526100404311,0.7561331287618044,0.756484519010203,0.756484519010203,0.756484519010203,0.756484519010203,0.756470536634575,0.7566045928304828,0.7566045928304828,0.7566100327482428
59,1.232595164407831e-32,0.007594008198694111,0.007594008198694111,0.005906985925822289,0.14703266196310757,0.14703266196310757,0.14703266196310757,0.14703266196310757,0.1259998299199582,0.12864274832953523,0.12862543620394842,0.146420308903966,0.146420308903966,0.11398711634432432,0.12160546325014421,0.11046663595279294,0.11046663595279294,0.10718839267291104,0.08968205701669153,0.09691531034074731,0.10352638638207572,0.10352638638207572,0.09745823468917643,0.09937181126876904,0.09937181126876904,0.09764572329962447,0.09764572329962447,0.09931673392739691,0.09931673392739691,0.09481794554737659,0.09481794554737659,0.09481794554737659,0.09481794554737659,0.09481794554737659,0.09594203984369708,0.09549917646523852,0.0962365192076038,0.09560968748718407,0.09469577315871278,0.09469577315871278,0.09497431741461763,0.09497431741461763,0.0942254422182528,0.09389401781457665,0.09408654847760982,0.09404068244573076,0.09404068244573076,0.09404068244573076,0.09345128232250886,0.09364947447110877,0.09364947447110877,0.09377477376430556,0.09361411904878063,0.093511336434753,0.0937133132312916,0.09394446035597308,0.09383241763149883,0.09399194153080165,0.09388838735568358,0.09402388945968904,0.09402388945968904,0.09397923489098536,0.09387489600055683,0.09392793921029828,0.09396597171358388,0.09396597171358388,0.09396597171358388,0.09397278386911935,0.09397278386911935,0.09400032572986541,0.0940172134333924,0.09401951021397616,0.09401951021397616,0.09399863663343835,0.09400045351133794,0.09396310664648581,0.09394493354462712,0.09398239597252983,0.09398239597252983,0.09398239597252983,0.09397790334319844
